item_id,timestamp,target
H, 2017/05/01 00:00:00 ,9568.365
H, 2017/05/01 01:00:00 ,9742.259
H, 2017/05/01 02:00:00 ,9617.787
H, 2017/05/01 03:00:00 ,8202.095
H, 2017/05/01 04:00:00 ,7766.272
H, 2017/05/01 05:00:00 ,8764.012
H, 2017/05/01 06:00:00 ,8751.051
H, 2017/05/01 07:00:00 ,8606.889
H, 2017/05/01 08:00:00 ,8354.244
H, 2017/05/01 09:00:00 ,7937.718
H, 2017/05/01 10:00:00 ,7045.883
H, 2017/05/01 11:00:00 ,6380.23
H, 2017/05/01 12:00:00 ,7020.118
H, 2017/05/01 13:00:00 ,6797.055
H, 2017/05/01 14:00:00 ,6900.719
H, 2017/05/01 15:00:00 ,6634.136
H, 2017/05/01 16:00:00 ,9058.84
H, 2017/05/01 17:00:00 ,9307.913
H, 2017/05/01 18:00:00 ,9415.297
H, 2017/05/01 19:00:00 ,9747.712
H, 2017/05/01 20:00:00 ,9764.457
H, 2017/05/01 21:00:00 ,9686.329
H, 2017/05/01 22:00:00 ,9695.076
H, 2017/05/01 23:00:00 ,7406.501
H, 2017/05/02 00:00:00 ,7977.314
H, 2017/05/02 01:00:00 ,9669.581
H, 2017/05/02 02:00:00 ,9947.122
H, 2017/05/02 03:00:00 ,9804.121
H, 2017/05/02 04:00:00 ,9782.409
H, 2017/05/02 05:00:00 ,7645.665
H, 2017/05/02 06:00:00 ,10059.439
H, 2017/05/02 07:00:00 ,9835.662
H, 2017/05/02 08:00:00 ,9330.121
H, 2017/05/02 09:00:00 ,9380.099
H, 2017/05/02 10:00:00 ,10327.08
H, 2017/05/02 11:00:00 ,10301.976
H, 2017/05/02 12:00:00 ,11661.193
H, 2017/05/02 13:00:00 ,11632.59
H, 2017/05/02 14:00:00 ,11535.772
H, 2017/05/02 15:00:00 ,13004.718
H, 2017/05/02 16:00:00 ,13343.262
H, 2017/05/02 17:00:00 ,14035.981
H, 2017/05/02 18:00:00 ,14731.84
H, 2017/05/02 19:00:00 ,14811.578
H, 2017/05/02 20:00:00 ,14419.143
H, 2017/05/02 21:00:00 ,14898.208
H, 2017/05/02 22:00:00 ,14983.211
H, 2017/05/02 23:00:00 ,14784.283
H, 2017/05/03 00:00:00 ,14463.739
H, 2017/05/03 01:00:00 ,14752.804
H, 2017/05/03 02:00:00 ,14567.039
H, 2017/05/03 03:00:00 ,14454.176
H, 2017/05/03 04:00:00 ,13948.553
H, 2017/05/03 05:00:00 ,14229.938
H, 2017/05/03 06:00:00 ,14278.222
H, 2017/05/03 07:00:00 ,13863.579
H, 2017/05/03 08:00:00 ,11268.396
H, 2017/05/03 09:00:00 ,10545.845
H, 2017/05/03 10:00:00 ,10459.509
H, 2017/05/03 11:00:00 ,9863.967
H, 2017/05/03 12:00:00 ,10620.997
H, 2017/05/03 13:00:00 ,11020.759
H, 2017/05/03 14:00:00 ,10938.398
H, 2017/05/03 15:00:00 ,9930.471
H, 2017/05/03 16:00:00 ,11573.76
H, 2017/05/03 17:00:00 ,11451.324
H, 2017/05/03 18:00:00 ,7867.339
H, 2017/05/03 19:00:00 ,8131.26
H, 2017/05/03 20:00:00 ,10546.673
H, 2017/05/03 21:00:00 ,11509.752
H, 2017/05/03 22:00:00 ,11774.523
H, 2017/05/03 23:00:00 ,12370.324
H, 2017/05/04 00:00:00 ,12752.205
H, 2017/05/04 01:00:00 ,12857.006
H, 2017/05/04 02:00:00 ,11729.099
H, 2017/05/04 03:00:00 ,11936.011
H, 2017/05/04 04:00:00 ,12185.663
H, 2017/05/04 05:00:00 ,12344.798
H, 2017/05/04 06:00:00 ,12737.295
H, 2017/05/04 07:00:00 ,13961.124
H, 2017/05/04 08:00:00 ,13956.873
H, 2017/05/04 09:00:00 ,13825.985
H, 2017/05/04 10:00:00 ,14007.177
H, 2017/05/04 11:00:00 ,14268.035
H, 2017/05/04 12:00:00 ,13269.014
H, 2017/05/04 13:00:00 ,14541.657
H, 2017/05/04 14:00:00 ,13758.1
H, 2017/05/04 15:00:00 ,13680.406
H, 2017/05/04 16:00:00 ,14534.891
H, 2017/05/04 17:00:00 ,15044.812
H, 2017/05/04 18:00:00 ,15885.222
H, 2017/05/04 19:00:00 ,14583.921
H, 2017/05/04 20:00:00 ,14425.55
H, 2017/05/04 21:00:00 ,14598.536
H, 2017/05/04 22:00:00 ,14888.568
H, 2017/05/04 23:00:00 ,16289.393
H, 2017/05/05 00:00:00 ,16127.33
H, 2017/05/05 01:00:00 ,16246.992
H, 2017/05/05 02:00:00 ,15656.224
H, 2017/05/05 03:00:00 ,15577.55
H, 2017/05/05 04:00:00 ,15895.79
H, 2017/05/05 05:00:00 ,15896.827
H, 2017/05/05 06:00:00 ,15771.373
H, 2017/05/05 07:00:00 ,15478.841
H, 2017/05/05 08:00:00 ,13971.539
H, 2017/05/05 09:00:00 ,12829.177
H, 2017/05/05 10:00:00 ,13441.892
H, 2017/05/05 11:00:00 ,14010.167
H, 2017/05/05 12:00:00 ,14510.083
H, 2017/05/05 13:00:00 ,15697.792
H, 2017/05/05 14:00:00 ,15721.729
H, 2017/05/05 15:00:00 ,16722.292
H, 2017/05/05 16:00:00 ,16757.299
H, 2017/05/05 17:00:00 ,16109.849
H, 2017/05/05 18:00:00 ,16009.676
H, 2017/05/05 19:00:00 ,16098.162
H, 2017/05/05 20:00:00 ,15815.517
H, 2017/05/05 21:00:00 ,16583.243
H, 2017/05/05 22:00:00 ,16683.486
H, 2017/05/05 23:00:00 ,16330.828
H, 2017/05/06 00:00:00 ,16851.839
H, 2017/05/06 01:00:00 ,17396.652
H, 2017/05/06 02:00:00 ,17665.81
H, 2017/05/06 03:00:00 ,17856.172
H, 2017/05/06 04:00:00 ,17456.321
H, 2017/05/06 05:00:00 ,16708.117
H, 2017/05/06 06:00:00 ,16450.724
H, 2017/05/06 07:00:00 ,13462.684
H, 2017/05/06 08:00:00 ,11815.108
H, 2017/05/06 09:00:00 ,10586.824
H, 2017/05/06 10:00:00 ,10481.952
H, 2017/05/06 11:00:00 ,9829.709
H, 2017/05/06 12:00:00 ,10118.004
H, 2017/05/06 13:00:00 ,10696.213
H, 2017/05/06 14:00:00 ,11373.531
H, 2017/05/06 15:00:00 ,11787.067
H, 2017/05/06 16:00:00 ,12257.337
H, 2017/05/06 17:00:00 ,12573.25
H, 2017/05/06 18:00:00 ,13338.53
H, 2017/05/06 19:00:00 ,13380.255
H, 2017/05/06 20:00:00 ,13175.386
H, 2017/05/06 21:00:00 ,12261.812
H, 2017/05/06 22:00:00 ,13164.414
H, 2017/05/06 23:00:00 ,13522.378
H, 2017/05/07 00:00:00 ,13326.042
H, 2017/05/07 01:00:00 ,13589.311
H, 2017/05/07 02:00:00 ,13577.869
H, 2017/05/07 03:00:00 ,13460.31
H, 2017/05/07 04:00:00 ,13176.079
H, 2017/05/07 05:00:00 ,12107.371
H, 2017/05/07 06:00:00 ,11671.535
H, 2017/05/07 07:00:00 ,11527.825
H, 2017/05/07 08:00:00 ,11325.017
H, 2017/05/07 09:00:00 ,10068.952
H, 2017/05/07 10:00:00 ,10776.653
H, 2017/05/07 11:00:00 ,10850.585
H, 2017/05/07 12:00:00 ,11000.397
H, 2017/05/07 13:00:00 ,11095.789
H, 2017/05/07 14:00:00 ,11040.101
H, 2017/05/07 15:00:00 ,10751.74
H, 2017/05/07 16:00:00 ,11140.895
H, 2017/05/07 17:00:00 ,12106.156
H, 2017/05/07 18:00:00 ,12472.279
H, 2017/05/07 19:00:00 ,12183.086
H, 2017/05/07 20:00:00 ,12065.726
H, 2017/05/07 21:00:00 ,11965.476
H, 2017/05/07 22:00:00 ,11782.297
H, 2017/05/07 23:00:00 ,11749.411
H, 2017/05/08 00:00:00 ,11277.999
H, 2017/05/08 01:00:00 ,11470.476
H, 2017/05/08 02:00:00 ,11499.661
H, 2017/05/08 03:00:00 ,10811.255
H, 2017/05/08 04:00:00 ,11322.526
H, 2017/05/08 05:00:00 ,11133.042
H, 2017/05/08 06:00:00 ,11149.656
H, 2017/05/08 07:00:00 ,10825.251
H, 2017/05/08 08:00:00 ,10297.838
H, 2017/05/08 09:00:00 ,9971.871
H, 2017/05/08 10:00:00 ,10006.478
H, 2017/05/08 11:00:00 ,10193.172
H, 2017/05/08 12:00:00 ,11449.637
H, 2017/05/08 13:00:00 ,11531.352
H, 2017/05/08 14:00:00 ,10973.81
H, 2017/05/08 15:00:00 ,11607.869
H, 2017/05/08 16:00:00 ,11436.657
H, 2017/05/08 17:00:00 ,12062.84
H, 2017/05/08 18:00:00 ,12285.872
H, 2017/05/08 19:00:00 ,11961.455
H, 2017/05/08 20:00:00 ,11605.021
H, 2017/05/08 21:00:00 ,11694.466
H, 2017/05/08 22:00:00 ,11527.06
H, 2017/05/08 23:00:00 ,11697.177
H, 2017/05/09 00:00:00 ,11520.033
H, 2017/05/09 01:00:00 ,11731.284
H, 2017/05/09 02:00:00 ,11757.532
H, 2017/05/09 03:00:00 ,11689.869
H, 2017/05/09 04:00:00 ,11644.199
H, 2017/05/09 05:00:00 ,11287.568
H, 2017/05/09 06:00:00 ,11144.179
H, 2017/05/09 07:00:00 ,9575.324
H, 2017/05/09 08:00:00 ,9387.618
H, 2017/05/09 09:00:00 ,8629.128
H, 2017/05/09 10:00:00 ,8339.427
H, 2017/05/09 11:00:00 ,7789.336
H, 2017/05/09 12:00:00 ,8186.655
H, 2017/05/09 13:00:00 ,8624.29
H, 2017/05/09 14:00:00 ,9899.113
H, 2017/05/09 15:00:00 ,10495.046
H, 2017/05/09 16:00:00 ,11238.04
H, 2017/05/09 17:00:00 ,11844.405
H, 2017/05/09 18:00:00 ,12545.695
H, 2017/05/09 19:00:00 ,12724.405
H, 2017/05/09 20:00:00 ,12309.447
H, 2017/05/09 21:00:00 ,12597.934
H, 2017/05/09 22:00:00 ,12583.993
H, 2017/05/09 23:00:00 ,12457.641
H, 2017/05/10 00:00:00 ,12360.136
H, 2017/05/10 01:00:00 ,12576.477
H, 2017/05/10 02:00:00 ,12550.031
H, 2017/05/10 03:00:00 ,12501.851
H, 2017/05/10 04:00:00 ,12199.897
H, 2017/05/10 05:00:00 ,12197.892
H, 2017/05/10 06:00:00 ,12055.971
H, 2017/05/10 07:00:00 ,11766.908
H, 2017/05/10 08:00:00 ,11186.672
H, 2017/05/10 09:00:00 ,10223.727
H, 2017/05/10 10:00:00 ,9263.406
H, 2017/05/10 11:00:00 ,9660.279
H, 2017/05/10 12:00:00 ,10307.077
H, 2017/05/10 13:00:00 ,11467.512
H, 2017/05/10 14:00:00 ,12497.717
H, 2017/05/10 15:00:00 ,12264.888
H, 2017/05/10 16:00:00 ,12770.458
H, 2017/05/10 17:00:00 ,13506.588
H, 2017/05/10 18:00:00 ,13798.099
H, 2017/05/10 19:00:00 ,14063.272
H, 2017/05/10 20:00:00 ,13979.594
H, 2017/05/10 21:00:00 ,13739.162
H, 2017/05/10 22:00:00 ,14136.193
H, 2017/05/10 23:00:00 ,13938.901
H, 2017/05/11 00:00:00 ,13564.519
H, 2017/05/11 01:00:00 ,12602.527
H, 2017/05/11 02:00:00 ,12636.88
H, 2017/05/11 03:00:00 ,12771.001
H, 2017/05/11 04:00:00 ,13396.729
H, 2017/05/11 05:00:00 ,14028.449
H, 2017/05/11 06:00:00 ,14061.694
H, 2017/05/11 07:00:00 ,13134.141
H, 2017/05/11 08:00:00 ,12473.337
H, 2017/05/11 09:00:00 ,10974.385
H, 2017/05/11 10:00:00 ,10937.214
H, 2017/05/11 11:00:00 ,11310.479
H, 2017/05/11 12:00:00 ,11410.596
H, 2017/05/11 13:00:00 ,10330.623
H, 2017/05/11 14:00:00 ,11394.98
H, 2017/05/11 15:00:00 ,11675.296
H, 2017/05/11 16:00:00 ,12625.396
H, 2017/05/11 17:00:00 ,13743.186
H, 2017/05/11 18:00:00 ,14181.541
H, 2017/05/11 19:00:00 ,14050.031
H, 2017/05/11 20:00:00 ,14214.417
H, 2017/05/11 21:00:00 ,14079.687
H, 2017/05/11 22:00:00 ,14058.132
H, 2017/05/11 23:00:00 ,14258.797
H, 2017/05/12 00:00:00 ,14089.278
H, 2017/05/12 01:00:00 ,14171.218
H, 2017/05/12 02:00:00 ,13960.862
H, 2017/05/12 03:00:00 ,14422.944
H, 2017/05/12 04:00:00 ,13904.778
H, 2017/05/12 05:00:00 ,13984.404
H, 2017/05/12 06:00:00 ,14047.409
H, 2017/05/12 07:00:00 ,14031.449
H, 2017/05/12 08:00:00 ,13387.915
H, 2017/05/12 09:00:00 ,13186.229
H, 2017/05/12 10:00:00 ,12350.698
H, 2017/05/12 11:00:00 ,12077.293
H, 2017/05/12 12:00:00 ,10907.427
H, 2017/05/12 13:00:00 ,11438.977
H, 2017/05/12 14:00:00 ,11999.179
H, 2017/05/12 15:00:00 ,11168.515
H, 2017/05/12 16:00:00 ,10498.157
H, 2017/05/12 17:00:00 ,11030.872
H, 2017/05/12 18:00:00 ,11643.208
H, 2017/05/12 19:00:00 ,11414.139
H, 2017/05/12 20:00:00 ,11605.906
H, 2017/05/12 21:00:00 ,11525.703
H, 2017/05/12 22:00:00 ,11928.373
H, 2017/05/12 23:00:00 ,12309.131
H, 2017/05/13 00:00:00 ,12248.564
H, 2017/05/13 01:00:00 ,12832.234
H, 2017/05/13 02:00:00 ,12712.172
H, 2017/05/13 03:00:00 ,12454.84
H, 2017/05/13 04:00:00 ,12752.145
H, 2017/05/13 05:00:00 ,12799.769
H, 2017/05/13 06:00:00 ,12246.79
H, 2017/05/13 07:00:00 ,11293.832
H, 2017/05/13 08:00:00 ,11538.22
H, 2017/05/13 09:00:00 ,12595.866
H, 2017/05/13 10:00:00 ,12595.536
H, 2017/05/13 11:00:00 ,12729.673
H, 2017/05/13 12:00:00 ,12779.085
H, 2017/05/13 13:00:00 ,13854.297
H, 2017/05/13 14:00:00 ,13736.886
H, 2017/05/13 15:00:00 ,14122.59
H, 2017/05/13 16:00:00 ,14607.74
H, 2017/05/13 17:00:00 ,15323.407
H, 2017/05/13 18:00:00 ,15136.39
H, 2017/05/13 19:00:00 ,15105.409
H, 2017/05/13 20:00:00 ,14879.807
H, 2017/05/13 21:00:00 ,15503.819
H, 2017/05/13 22:00:00 ,15614.93
H, 2017/05/13 23:00:00 ,15949.047
H, 2017/05/14 00:00:00 ,15351.853
H, 2017/05/14 01:00:00 ,15746.061
H, 2017/05/14 02:00:00 ,15662.296
H, 2017/05/14 03:00:00 ,16018.318
H, 2017/05/14 04:00:00 ,14897.189
H, 2017/05/14 05:00:00 ,14173.541
H, 2017/05/14 06:00:00 ,14454.224
H, 2017/05/14 07:00:00 ,13667.88
H, 2017/05/14 08:00:00 ,13238.306
H, 2017/05/14 09:00:00 ,13064.853
H, 2017/05/14 10:00:00 ,12088.442
H, 2017/05/14 11:00:00 ,12544.513
H, 2017/05/14 12:00:00 ,13044.751
H, 2017/05/14 13:00:00 ,14141.166
H, 2017/05/14 14:00:00 ,13385.326
H, 2017/05/14 15:00:00 ,13831.436
H, 2017/05/14 16:00:00 ,14879.268
H, 2017/05/14 17:00:00 ,15075.029
H, 2017/05/14 18:00:00 ,15504.987
H, 2017/05/14 19:00:00 ,15498.32
H, 2017/05/14 20:00:00 ,15057.374
H, 2017/05/14 21:00:00 ,14739.73
H, 2017/05/14 22:00:00 ,15252.908
H, 2017/05/14 23:00:00 ,15123.598
H, 2017/05/15 00:00:00 ,14720.809
H, 2017/05/15 01:00:00 ,13996.07
H, 2017/05/15 02:00:00 ,13293.695
H, 2017/05/15 03:00:00 ,13706.673
H, 2017/05/15 04:00:00 ,13657.741
H, 2017/05/15 05:00:00 ,14653.868
H, 2017/05/15 06:00:00 ,14401.251
H, 2017/05/15 07:00:00 ,14138.247
H, 2017/05/15 08:00:00 ,13902.141
H, 2017/05/15 09:00:00 ,13166.082
H, 2017/05/15 10:00:00 ,12900.6
H, 2017/05/15 11:00:00 ,13090.106
H, 2017/05/15 12:00:00 ,13726.613
H, 2017/05/15 13:00:00 ,14399.594
H, 2017/05/15 14:00:00 ,14214.147
H, 2017/05/15 15:00:00 ,14412.924
H, 2017/05/15 16:00:00 ,14865.899
H, 2017/05/15 17:00:00 ,15238.026
H, 2017/05/15 18:00:00 ,15558.843
H, 2017/05/15 19:00:00 ,15603.498
H, 2017/05/15 20:00:00 ,15554.914
H, 2017/05/15 21:00:00 ,13958.775
H, 2017/05/15 22:00:00 ,13423.928
H, 2017/05/15 23:00:00 ,13838.542
H, 2017/05/16 00:00:00 ,14038.914
H, 2017/05/16 01:00:00 ,14755.783
H, 2017/05/16 02:00:00 ,15327.043
H, 2017/05/16 03:00:00 ,14992.535
H, 2017/05/16 04:00:00 ,15145.922
H, 2017/05/16 05:00:00 ,14916.425
H, 2017/05/16 06:00:00 ,14651.22
H, 2017/05/16 07:00:00 ,13799.669
H, 2017/05/16 08:00:00 ,14132.742
H, 2017/05/16 09:00:00 ,13245.603
H, 2017/05/16 10:00:00 ,12175.811
H, 2017/05/16 11:00:00 ,11939.753
H, 2017/05/16 12:00:00 ,11923.595
H, 2017/05/16 13:00:00 ,12431.884
H, 2017/05/16 14:00:00 ,12970.256
H, 2017/05/16 15:00:00 ,12357.883
H, 2017/05/16 16:00:00 ,13003.303
H, 2017/05/16 17:00:00 ,13762.759
H, 2017/05/16 18:00:00 ,14677.591
H, 2017/05/16 19:00:00 ,13312.426
H, 2017/05/16 20:00:00 ,13141.75
H, 2017/05/16 21:00:00 ,13501.933
H, 2017/05/16 22:00:00 ,13021.083
H, 2017/05/16 23:00:00 ,12537.27
H, 2017/05/17 00:00:00 ,12718.741
H, 2017/05/17 01:00:00 ,12711.201
H, 2017/05/17 02:00:00 ,12844.563
H, 2017/05/17 03:00:00 ,13389.246
H, 2017/05/17 04:00:00 ,12878.932
H, 2017/05/17 05:00:00 ,12760.697
H, 2017/05/17 06:00:00 ,12612.594
H, 2017/05/17 07:00:00 ,11359.484
H, 2017/05/17 08:00:00 ,11404.266
H, 2017/05/17 09:00:00 ,10733.694
H, 2017/05/17 10:00:00 ,10966.212
H, 2017/05/17 11:00:00 ,10876.565
H, 2017/05/17 12:00:00 ,10862.768
H, 2017/05/17 13:00:00 ,10315.263
H, 2017/05/17 14:00:00 ,10553.735
H, 2017/05/17 15:00:00 ,11473.705
H, 2017/05/17 16:00:00 ,11646.022
H, 2017/05/17 17:00:00 ,13749.987
H, 2017/05/17 18:00:00 ,14647.999
H, 2017/05/17 19:00:00 ,14509.688
H, 2017/05/17 20:00:00 ,14175.614
H, 2017/05/17 21:00:00 ,14570.42
H, 2017/05/17 22:00:00 ,14866.781
H, 2017/05/17 23:00:00 ,14862.991
H, 2017/05/18 00:00:00 ,14606.678
H, 2017/05/18 01:00:00 ,14659.054
H, 2017/05/18 02:00:00 ,13889.582
H, 2017/05/18 03:00:00 ,14299.554
H, 2017/05/18 04:00:00 ,14771.888
H, 2017/05/18 05:00:00 ,15178.188
H, 2017/05/18 06:00:00 ,14864.787
H, 2017/05/18 07:00:00 ,14613.668
H, 2017/05/18 08:00:00 ,14076.16
H, 2017/05/18 09:00:00 ,14625.441
H, 2017/05/18 10:00:00 ,14357.347
H, 2017/05/18 11:00:00 ,13488.183
H, 2017/05/18 12:00:00 ,14122.917
H, 2017/05/18 13:00:00 ,14334.408
H, 2017/05/18 14:00:00 ,15088.828
H, 2017/05/18 15:00:00 ,15677.37
H, 2017/05/18 16:00:00 ,16114.288
H, 2017/05/18 17:00:00 ,16795.398
H, 2017/05/18 18:00:00 ,17108.505
H, 2017/05/18 19:00:00 ,16416.683
H, 2017/05/18 20:00:00 ,16143.372
H, 2017/05/18 21:00:00 ,16541.662
H, 2017/05/18 22:00:00 ,16635.999
H, 2017/05/18 23:00:00 ,16633.248
H, 2017/05/19 00:00:00 ,16415.614
H, 2017/05/19 01:00:00 ,16459.068
H, 2017/05/19 02:00:00 ,16451.886
H, 2017/05/19 03:00:00 ,16611.526
H, 2017/05/19 04:00:00 ,16649.034
H, 2017/05/19 05:00:00 ,14998.269
H, 2017/05/19 06:00:00 ,14678.205
H, 2017/05/19 07:00:00 ,14249.09
H, 2017/05/19 08:00:00 ,13433.816
H, 2017/05/19 09:00:00 ,13319.339
H, 2017/05/19 10:00:00 ,15201.23
H, 2017/05/19 11:00:00 ,15145.777
H, 2017/05/19 12:00:00 ,15337.509
H, 2017/05/19 13:00:00 ,15036.593
H, 2017/05/19 14:00:00 ,14406.187
H, 2017/05/19 15:00:00 ,15466.111
H, 2017/05/19 16:00:00 ,16208.088
H, 2017/05/19 17:00:00 ,16637.503
H, 2017/05/19 18:00:00 ,16812.412
H, 2017/05/19 19:00:00 ,16430.295
H, 2017/05/19 20:00:00 ,15911.907
H, 2017/05/19 21:00:00 ,16419.214
H, 2017/05/19 22:00:00 ,16927.746
H, 2017/05/19 23:00:00 ,16758.967
H, 2017/05/20 00:00:00 ,16626.349
H, 2017/05/20 01:00:00 ,16613.433
H, 2017/05/20 02:00:00 ,16746.159
H, 2017/05/20 03:00:00 ,16874.763
H, 2017/05/20 04:00:00 ,16919.751
H, 2017/05/20 05:00:00 ,16452.558
H, 2017/05/20 06:00:00 ,15990.82
H, 2017/05/20 07:00:00 ,14984.604
H, 2017/05/20 08:00:00 ,14087.515
H, 2017/05/20 09:00:00 ,12555.975
H, 2017/05/20 10:00:00 ,11381.9
H, 2017/05/20 11:00:00 ,11008.087
H, 2017/05/20 12:00:00 ,11164.265
H, 2017/05/20 13:00:00 ,11495.028
H, 2017/05/20 14:00:00 ,12211.159
H, 2017/05/20 15:00:00 ,13278.107
H, 2017/05/20 16:00:00 ,13647.664
H, 2017/05/20 17:00:00 ,14703.315
H, 2017/05/20 18:00:00 ,15075.812
H, 2017/05/20 19:00:00 ,15357.13
H, 2017/05/20 20:00:00 ,14636.997
H, 2017/05/20 21:00:00 ,14276.331
H, 2017/05/20 22:00:00 ,14205.384
H, 2017/05/20 23:00:00 ,14689.242
H, 2017/05/21 00:00:00 ,14585.291
H, 2017/05/21 01:00:00 ,14887.367
H, 2017/05/21 02:00:00 ,15066.59
H, 2017/05/21 03:00:00 ,14869.043
H, 2017/05/21 04:00:00 ,15577.129
H, 2017/05/21 05:00:00 ,15315.669
H, 2017/05/21 06:00:00 ,15706.234
H, 2017/05/21 07:00:00 ,15177.14
H, 2017/05/21 08:00:00 ,15607.756
H, 2017/05/21 09:00:00 ,15551.363
H, 2017/05/21 10:00:00 ,15873.047
H, 2017/05/21 11:00:00 ,16305.194
H, 2017/05/21 12:00:00 ,15975.379
H, 2017/05/21 13:00:00 ,16126.713
H, 2017/05/21 14:00:00 ,17226.473
H, 2017/05/21 15:00:00 ,17105.813
H, 2017/05/21 16:00:00 ,17505.889
H, 2017/05/21 17:00:00 ,17644.62
H, 2017/05/21 18:00:00 ,18564.348
H, 2017/05/21 19:00:00 ,18448.191
H, 2017/05/21 20:00:00 ,18023.341
H, 2017/05/21 21:00:00 ,17690.069
H, 2017/05/21 22:00:00 ,18374.58
H, 2017/05/21 23:00:00 ,18189.029
H, 2017/05/22 00:00:00 ,17815.142
H, 2017/05/22 01:00:00 ,18169.195
H, 2017/05/22 02:00:00 ,18227.386
H, 2017/05/22 03:00:00 ,18001.495
H, 2017/05/22 04:00:00 ,17993.481
H, 2017/05/22 05:00:00 ,18343.998
H, 2017/05/22 06:00:00 ,17709.425
H, 2017/05/22 07:00:00 ,16478.698
H, 2017/05/22 08:00:00 ,14311.643
H, 2017/05/22 09:00:00 ,13270.555
H, 2017/05/22 10:00:00 ,12768.46
H, 2017/05/22 11:00:00 ,12407.904
H, 2017/05/22 12:00:00 ,11042.487
H, 2017/05/22 13:00:00 ,11177.17
H, 2017/05/22 14:00:00 ,11864.54
H, 2017/05/22 15:00:00 ,13077.295
H, 2017/05/22 16:00:00 ,14269.878
H, 2017/05/22 17:00:00 ,14957.949
H, 2017/05/22 18:00:00 ,15524.816
H, 2017/05/22 19:00:00 ,15870.352
H, 2017/05/22 20:00:00 ,15959.312
H, 2017/05/22 21:00:00 ,16753.733
H, 2017/05/22 22:00:00 ,16709.026
H, 2017/05/22 23:00:00 ,17492.535
H, 2017/05/23 00:00:00 ,17747.145
H, 2017/05/23 01:00:00 ,18140.42
H, 2017/05/23 02:00:00 ,18282.752
H, 2017/05/23 03:00:00 ,18314.582
H, 2017/05/23 04:00:00 ,17804.855
H, 2017/05/23 05:00:00 ,17319.088
H, 2017/05/23 06:00:00 ,17334.042
H, 2017/05/23 07:00:00 ,17138.838
H, 2017/05/23 08:00:00 ,17134.013
H, 2017/05/23 09:00:00 ,17613.094
H, 2017/05/23 10:00:00 ,17326.507
H, 2017/05/23 11:00:00 ,17683.34
H, 2017/05/23 12:00:00 ,17607.677
H, 2017/05/23 13:00:00 ,17639.43
H, 2017/05/23 14:00:00 ,17031.352
H, 2017/05/23 15:00:00 ,17709.662
H, 2017/05/23 16:00:00 ,18376.57
H, 2017/05/23 17:00:00 ,18416.086
H, 2017/05/23 18:00:00 ,18710.281
H, 2017/05/23 19:00:00 ,19562.137
H, 2017/05/23 20:00:00 ,19125.259
H, 2017/05/23 21:00:00 ,19143.132
H, 2017/05/23 22:00:00 ,19065.972
H, 2017/05/23 23:00:00 ,18945.132
H, 2017/05/24 00:00:00 ,18695.316
H, 2017/05/24 01:00:00 ,18991.25
H, 2017/05/24 02:00:00 ,17985.22
H, 2017/05/24 03:00:00 ,17082.825
H, 2017/05/24 04:00:00 ,16219.289
H, 2017/05/24 05:00:00 ,15927.61
H, 2017/05/24 06:00:00 ,16315.206
H, 2017/05/24 07:00:00 ,16256.764
H, 2017/05/24 08:00:00 ,16274.842
H, 2017/05/24 09:00:00 ,16197.379
H, 2017/05/24 10:00:00 ,15997.389
H, 2017/05/24 11:00:00 ,16251.008
H, 2017/05/24 12:00:00 ,16225.564
H, 2017/05/24 13:00:00 ,16182.699
H, 2017/05/24 14:00:00 ,15616.969
H, 2017/05/24 15:00:00 ,15679.847
H, 2017/05/24 16:00:00 ,15168.731
H, 2017/05/24 17:00:00 ,15519.593
H, 2017/05/24 18:00:00 ,15843.66
H, 2017/05/24 19:00:00 ,15921.355
H, 2017/05/24 20:00:00 ,15822.23
H, 2017/05/24 21:00:00 ,15354.348
H, 2017/05/24 22:00:00 ,15797.301
H, 2017/05/24 23:00:00 ,15838.919
H, 2017/05/25 00:00:00 ,15394.291
H, 2017/05/25 01:00:00 ,15413.015
H, 2017/05/25 02:00:00 ,15067.552
H, 2017/05/25 03:00:00 ,15790.678
H, 2017/05/25 04:00:00 ,15853.41
H, 2017/05/25 05:00:00 ,16211.263
H, 2017/05/25 06:00:00 ,16099.013
H, 2017/05/25 07:00:00 ,15703.262
H, 2017/05/25 08:00:00 ,14825.971
H, 2017/05/25 09:00:00 ,13468.778
H, 2017/05/25 10:00:00 ,14281.159
H, 2017/05/25 11:00:00 ,13435.838
H, 2017/05/25 12:00:00 ,12928.082
H, 2017/05/25 13:00:00 ,13041.641
H, 2017/05/25 14:00:00 ,12655.704
H, 2017/05/25 15:00:00 ,13607.382
H, 2017/05/25 16:00:00 ,14919.727
H, 2017/05/25 17:00:00 ,15549.743
H, 2017/05/25 18:00:00 ,15367.428
H, 2017/05/25 19:00:00 ,15469.06
H, 2017/05/25 20:00:00 ,15868.039
H, 2017/05/25 21:00:00 ,16541.047
H, 2017/05/25 22:00:00 ,16807.885
H, 2017/05/25 23:00:00 ,16384.391
H, 2017/05/26 00:00:00 ,15928.043
H, 2017/05/26 01:00:00 ,16649.624
H, 2017/05/26 02:00:00 ,16794.164
H, 2017/05/26 03:00:00 ,16715.813
H, 2017/05/26 04:00:00 ,16380.782
H, 2017/05/26 05:00:00 ,16441.576
H, 2017/05/26 06:00:00 ,16152.026
H, 2017/05/26 07:00:00 ,15775.923
H, 2017/05/26 08:00:00 ,15653.391
H, 2017/05/26 09:00:00 ,15210.003
H, 2017/05/26 10:00:00 ,15731.93
H, 2017/05/26 11:00:00 ,15702.611
H, 2017/05/26 12:00:00 ,15627.518
H, 2017/05/26 13:00:00 ,15028.706
H, 2017/05/26 14:00:00 ,16334.301
H, 2017/05/26 15:00:00 ,16792.434
H, 2017/05/26 16:00:00 ,17582.835
H, 2017/05/26 17:00:00 ,18088.198
H, 2017/05/26 18:00:00 ,18322.937
H, 2017/05/26 19:00:00 ,18121.731
H, 2017/05/26 20:00:00 ,18458.608
H, 2017/05/26 21:00:00 ,18153.726
H, 2017/05/26 22:00:00 ,17675.219
H, 2017/05/26 23:00:00 ,18250.157
H, 2017/05/27 00:00:00 ,18125.366
H, 2017/05/27 01:00:00 ,18441.926
H, 2017/05/27 02:00:00 ,18087.186
H, 2017/05/27 03:00:00 ,18161.366
H, 2017/05/27 04:00:00 ,18032.616
H, 2017/05/27 05:00:00 ,18118.554
H, 2017/05/27 06:00:00 ,17845.559
H, 2017/05/27 07:00:00 ,17664.749
H, 2017/05/27 08:00:00 ,15657.229
H, 2017/05/27 09:00:00 ,14620.101
H, 2017/05/27 10:00:00 ,14024.389
H, 2017/05/27 11:00:00 ,14437.745
H, 2017/05/27 12:00:00 ,14680.062
H, 2017/05/27 13:00:00 ,15055.308
H, 2017/05/27 14:00:00 ,15608.316
H, 2017/05/27 15:00:00 ,16206.259
H, 2017/05/27 16:00:00 ,17034.317
H, 2017/05/27 17:00:00 ,17357.894
H, 2017/05/27 18:00:00 ,17964.775
H, 2017/05/27 19:00:00 ,18161.37
H, 2017/05/27 20:00:00 ,18858.013
H, 2017/05/27 21:00:00 ,19269.479
H, 2017/05/27 22:00:00 ,18953.684
H, 2017/05/27 23:00:00 ,19057.34
H, 2017/05/28 00:00:00 ,18400.906
H, 2017/05/28 01:00:00 ,17237.488
H, 2017/05/28 02:00:00 ,17294.951
H, 2017/05/28 03:00:00 ,17151.448
H, 2017/05/28 04:00:00 ,17167.374
H, 2017/05/28 05:00:00 ,17763.403
H, 2017/05/28 06:00:00 ,18142.292
H, 2017/05/28 07:00:00 ,17878.214
H, 2017/05/28 08:00:00 ,16828.28
H, 2017/05/28 09:00:00 ,16180.959
H, 2017/05/28 10:00:00 ,15813.079
H, 2017/05/28 11:00:00 ,15940.121
H, 2017/05/28 12:00:00 ,15574.785
H, 2017/05/28 13:00:00 ,16014.039
H, 2017/05/28 14:00:00 ,17085.532
H, 2017/05/28 15:00:00 ,17631.562
H, 2017/05/28 16:00:00 ,18351.437
H, 2017/05/28 17:00:00 ,19035.731
H, 2017/05/28 18:00:00 ,19993.214
H, 2017/05/28 19:00:00 ,19904.635
H, 2017/05/28 20:00:00 ,20296.875
H, 2017/05/28 21:00:00 ,20217.862
H, 2017/05/28 22:00:00 ,20132.344
H, 2017/05/28 23:00:00 ,20108.347
H, 2017/05/29 00:00:00 ,19097.715
H, 2017/05/29 01:00:00 ,18390.941
H, 2017/05/29 02:00:00 ,18155.884
H, 2017/05/29 03:00:00 ,17963.267
H, 2017/05/29 04:00:00 ,18355.4
H, 2017/05/29 05:00:00 ,18266.127
H, 2017/05/29 06:00:00 ,17573.872
H, 2017/05/29 07:00:00 ,15072.816
H, 2017/05/29 08:00:00 ,13070.904
H, 2017/05/29 09:00:00 ,12553.243
H, 2017/05/29 10:00:00 ,11115.362
H, 2017/05/29 11:00:00 ,11107.657
H, 2017/05/29 12:00:00 ,10948.608
H, 2017/05/29 13:00:00 ,10636.175
H, 2017/05/29 14:00:00 ,11261.395
H, 2017/05/29 15:00:00 ,11909.351
H, 2017/05/29 16:00:00 ,12984.757
H, 2017/05/29 17:00:00 ,12827.29
H, 2017/05/29 18:00:00 ,12124.04
H, 2017/05/29 19:00:00 ,11568.574
H, 2017/05/29 20:00:00 ,11411.929
H, 2017/05/29 21:00:00 ,11513.373
H, 2017/05/29 22:00:00 ,12147.723
H, 2017/05/29 23:00:00 ,12709.721
H, 2017/05/30 00:00:00 ,13166.027
H, 2017/05/30 01:00:00 ,13252.854
H, 2017/05/30 02:00:00 ,12709.093
H, 2017/05/30 03:00:00 ,12842.443
H, 2017/05/30 04:00:00 ,13171.47
H, 2017/05/30 05:00:00 ,13023.218
H, 2017/05/30 06:00:00 ,12605.44
H, 2017/05/30 07:00:00 ,12252.866
H, 2017/05/30 08:00:00 ,11769.5
H, 2017/05/30 09:00:00 ,10731.815
H, 2017/05/30 10:00:00 ,11340.986
H, 2017/05/30 11:00:00 ,10470.065
H, 2017/05/30 12:00:00 ,11116.657
H, 2017/05/30 13:00:00 ,11322.027
H, 2017/05/30 14:00:00 ,10762.052
H, 2017/05/30 15:00:00 ,11264.641
H, 2017/05/30 16:00:00 ,12353.447
H, 2017/05/30 17:00:00 ,12458.833
H, 2017/05/30 18:00:00 ,12452.14
H, 2017/05/30 19:00:00 ,12528.226
H, 2017/05/30 20:00:00 ,12742.195
H, 2017/05/30 21:00:00 ,13375.072
H, 2017/05/30 22:00:00 ,13136.143
H, 2017/05/30 23:00:00 ,13029.3
H, 2017/05/31 00:00:00 ,13327.573
H, 2017/05/31 01:00:00 ,13485.486
H, 2017/05/31 02:00:00 ,13709.68
H, 2017/05/31 03:00:00 ,13486.689
H, 2017/05/31 04:00:00 ,13612.55
H, 2017/05/31 05:00:00 ,12566.711
H, 2017/05/31 06:00:00 ,11581.126
H, 2017/05/31 07:00:00 ,9995.882
H, 2017/05/31 08:00:00 ,9825.058
H, 2017/05/31 09:00:00 ,10890.989
H, 2017/05/31 10:00:00 ,10558.253
H, 2017/05/31 11:00:00 ,10817.322
H, 2017/05/31 12:00:00 ,12718.653
H, 2017/05/31 13:00:00 ,13638.835
H, 2017/05/31 14:00:00 ,14343.829
H, 2017/05/31 15:00:00 ,15400.421
H, 2017/05/31 16:00:00 ,15198.774
H, 2017/05/31 17:00:00 ,16395.282
H, 2017/05/31 18:00:00 ,17317.665
H, 2017/05/31 19:00:00 ,17504.595
H, 2017/05/31 20:00:00 ,17974.855
H, 2017/05/31 21:00:00 ,18425.286
H, 2017/05/31 22:00:00 ,19326.482
H, 2017/05/31 23:00:00 ,19432.59
H, 2017/06/01 00:00:00 ,19327.435
H, 2017/06/01 01:00:00 ,19259.313
H, 2017/06/01 02:00:00 ,19276.402
H, 2017/06/01 03:00:00 ,19213.93
H, 2017/06/01 04:00:00 ,19577.391
H, 2017/06/01 05:00:00 ,19600.442
H, 2017/06/01 06:00:00 ,19364.477
H, 2017/06/01 07:00:00 ,18777.669
H, 2017/06/01 08:00:00 ,17792.3
H, 2017/06/01 09:00:00 ,16099.775
H, 2017/06/01 10:00:00 ,15479.945
H, 2017/06/01 11:00:00 ,15703.031
H, 2017/06/01 12:00:00 ,16212.329
H, 2017/06/01 13:00:00 ,16809.746
H, 2017/06/01 14:00:00 ,16559.803
H, 2017/06/01 15:00:00 ,17031.882
H, 2017/06/01 16:00:00 ,17586.271
H, 2017/06/01 17:00:00 ,18666.432
H, 2017/06/01 18:00:00 ,18898.638
H, 2017/06/01 19:00:00 ,18420.154
H, 2017/06/01 20:00:00 ,18246.505
H, 2017/06/01 21:00:00 ,18457.329
H, 2017/06/01 22:00:00 ,18694.717
H, 2017/06/01 23:00:00 ,18621.166
H, 2017/06/02 00:00:00 ,18331.586
H, 2017/06/02 01:00:00 ,18502.509
H, 2017/06/02 02:00:00 ,18337.182
H, 2017/06/02 03:00:00 ,18289.444
H, 2017/06/02 04:00:00 ,17960.847
H, 2017/06/02 05:00:00 ,18284.584
H, 2017/06/02 06:00:00 ,18205.421
H, 2017/06/02 07:00:00 ,17347.761
H, 2017/06/02 08:00:00 ,16609.429
H, 2017/06/02 09:00:00 ,16052.873
H, 2017/06/02 10:00:00 ,16382.858
H, 2017/06/02 11:00:00 ,17069.772
H, 2017/06/02 12:00:00 ,17026.015
H, 2017/06/02 13:00:00 ,16784.331
H, 2017/06/02 14:00:00 ,16115.191
H, 2017/06/02 15:00:00 ,16776.627
H, 2017/06/02 16:00:00 ,17854.168
H, 2017/06/02 17:00:00 ,18151.023
H, 2017/06/02 18:00:00 ,17094.068
H, 2017/06/02 19:00:00 ,16607.935
H, 2017/06/02 20:00:00 ,17032.048
H, 2017/06/02 21:00:00 ,17715.275
H, 2017/06/02 22:00:00 ,18179.72
H, 2017/06/02 23:00:00 ,18133.758
H, 2017/06/03 00:00:00 ,17064.75
H, 2017/06/03 01:00:00 ,17614.367
H, 2017/06/03 02:00:00 ,17840.477
H, 2017/06/03 03:00:00 ,18677.434
H, 2017/06/03 04:00:00 ,18670.458
H, 2017/06/03 05:00:00 ,18583.338
H, 2017/06/03 06:00:00 ,18397.116
H, 2017/06/03 07:00:00 ,17949.86
H, 2017/06/03 08:00:00 ,17288.726
H, 2017/06/03 09:00:00 ,17832.579
H, 2017/06/03 10:00:00 ,18677.233
H, 2017/06/03 11:00:00 ,17898.323
H, 2017/06/03 12:00:00 ,15479.883
H, 2017/06/03 13:00:00 ,19560.6
H, 2017/06/03 14:00:00 ,17409.143
H, 2017/06/03 15:00:00 ,17998.346
H, 2017/06/03 16:00:00 ,17562.475
H, 2017/06/03 17:00:00 ,18480.146
H, 2017/06/03 18:00:00 ,18841.987
H, 2017/06/03 19:00:00 ,17188.577
H, 2017/06/03 20:00:00 ,16908.873
H, 2017/06/03 21:00:00 ,17601.192
H, 2017/06/03 22:00:00 ,17553.887
H, 2017/06/03 23:00:00 ,17987.739
H, 2017/06/04 00:00:00 ,17615.965
H, 2017/06/04 01:00:00 ,17905.975
H, 2017/06/04 02:00:00 ,18380.232
H, 2017/06/04 03:00:00 ,18255.691
H, 2017/06/04 04:00:00 ,18093.343
H, 2017/06/04 05:00:00 ,18182.709
H, 2017/06/04 06:00:00 ,18214.341
H, 2017/06/04 07:00:00 ,18164.507
H, 2017/06/04 08:00:00 ,15394.597
H, 2017/06/04 09:00:00 ,14349.552
H, 2017/06/04 10:00:00 ,14147.702
H, 2017/06/04 11:00:00 ,14029.946
H, 2017/06/04 12:00:00 ,12815.165
H, 2017/06/04 13:00:00 ,13233.78
H, 2017/06/04 14:00:00 ,13762.755
H, 2017/06/04 15:00:00 ,13341.194
H, 2017/06/04 16:00:00 ,13246.399
H, 2017/06/04 17:00:00 ,13014.954
H, 2017/06/04 18:00:00 ,14161.875
H, 2017/06/04 19:00:00 ,15001.804
H, 2017/06/04 20:00:00 ,15010.342
H, 2017/06/04 21:00:00 ,15120.622
H, 2017/06/04 22:00:00 ,15869.2
H, 2017/06/04 23:00:00 ,16036.249
H, 2017/06/05 00:00:00 ,17245.686
H, 2017/06/05 01:00:00 ,17971.614
H, 2017/06/05 02:00:00 ,18477.127
H, 2017/06/05 03:00:00 ,18356.092
H, 2017/06/05 04:00:00 ,18552.086
H, 2017/06/05 05:00:00 ,18253.774
H, 2017/06/05 06:00:00 ,18472.832
H, 2017/06/05 07:00:00 ,16752.075
H, 2017/06/05 08:00:00 ,16316.404
H, 2017/06/05 09:00:00 ,16405.539
H, 2017/06/05 10:00:00 ,15937.663
H, 2017/06/05 11:00:00 ,15844.601
H, 2017/06/05 12:00:00 ,15598.36
H, 2017/06/05 13:00:00 ,13794.355
H, 2017/06/05 14:00:00 ,14727.839
H, 2017/06/05 15:00:00 ,15874.173
H, 2017/06/05 16:00:00 ,16945.552
H, 2017/06/05 17:00:00 ,18086.142
H, 2017/06/05 18:00:00 ,18466.902
H, 2017/06/05 19:00:00 ,18389.267
H, 2017/06/05 20:00:00 ,18359.185
H, 2017/06/05 21:00:00 ,19097.293
H, 2017/06/05 22:00:00 ,18720.866
H, 2017/06/05 23:00:00 ,18303.615
H, 2017/06/06 00:00:00 ,17571.599
H, 2017/06/06 01:00:00 ,18000.816
H, 2017/06/06 02:00:00 ,17921.362
H, 2017/06/06 03:00:00 ,17059.916
H, 2017/06/06 04:00:00 ,17610.654
H, 2017/06/06 05:00:00 ,17431.142
H, 2017/06/06 06:00:00 ,16942.124
H, 2017/06/06 07:00:00 ,14966.733
H, 2017/06/06 08:00:00 ,14376.497
H, 2017/06/06 09:00:00 ,14210.059
H, 2017/06/06 10:00:00 ,13917.135
H, 2017/06/06 11:00:00 ,12924.927
H, 2017/06/06 12:00:00 ,13283.753
H, 2017/06/06 13:00:00 ,13437.427
H, 2017/06/06 14:00:00 ,14324.088
H, 2017/06/06 15:00:00 ,14436.996
H, 2017/06/06 16:00:00 ,14834.556
H, 2017/06/06 17:00:00 ,15201.552
H, 2017/06/06 18:00:00 ,15808.773
H, 2017/06/06 19:00:00 ,15365.219
H, 2017/06/06 20:00:00 ,15082.16
H, 2017/06/06 21:00:00 ,15328.327
H, 2017/06/06 22:00:00 ,15590.981
H, 2017/06/06 23:00:00 ,15972.584
H, 2017/06/07 00:00:00 ,16375
H, 2017/06/07 01:00:00 ,16902.751
H, 2017/06/07 02:00:00 ,16672.304
H, 2017/06/07 03:00:00 ,16781.243
H, 2017/06/07 04:00:00 ,16776.529
H, 2017/06/07 05:00:00 ,16676.856
H, 2017/06/07 06:00:00 ,16782.773
H, 2017/06/07 07:00:00 ,15097.028
H, 2017/06/07 08:00:00 ,15684.734
H, 2017/06/07 09:00:00 ,13730.92
H, 2017/06/07 10:00:00 ,13588.449
H, 2017/06/07 11:00:00 ,14595.943
H, 2017/06/07 12:00:00 ,15693.211
H, 2017/06/07 13:00:00 ,15759.454
H, 2017/06/07 14:00:00 ,15788.071
H, 2017/06/07 15:00:00 ,16245.335
H, 2017/06/07 16:00:00 ,17174.35
H, 2017/06/07 17:00:00 ,16926.644
H, 2017/06/07 18:00:00 ,16764.905
H, 2017/06/07 19:00:00 ,16623.512
H, 2017/06/07 20:00:00 ,16950.366
H, 2017/06/07 21:00:00 ,17406.133
H, 2017/06/07 22:00:00 ,17664.416
H, 2017/06/07 23:00:00 ,17724.223
H, 2017/06/08 00:00:00 ,17385.654
H, 2017/06/08 01:00:00 ,17689.629
H, 2017/06/08 02:00:00 ,18062.748
H, 2017/06/08 03:00:00 ,17483.566
H, 2017/06/08 04:00:00 ,17965.459
H, 2017/06/08 05:00:00 ,17938.266
H, 2017/06/08 06:00:00 ,17860.613
H, 2017/06/08 07:00:00 ,17190.521
H, 2017/06/08 08:00:00 ,15403.185
H, 2017/06/08 09:00:00 ,15424.444
H, 2017/06/08 10:00:00 ,16279.719
H, 2017/06/08 11:00:00 ,15422.952
H, 2017/06/08 12:00:00 ,15347.398
H, 2017/06/08 13:00:00 ,15005.69
H, 2017/06/08 14:00:00 ,15160.751
H, 2017/06/08 15:00:00 ,16749.167
H, 2017/06/08 16:00:00 ,17759.41
H, 2017/06/08 17:00:00 ,18963.871
H, 2017/06/08 18:00:00 ,18603.876
H, 2017/06/08 19:00:00 ,18641.505
H, 2017/06/08 20:00:00 ,18628.36
H, 2017/06/08 21:00:00 ,19200.71
H, 2017/06/08 22:00:00 ,18316.701
H, 2017/06/08 23:00:00 ,18022.262
H, 2017/06/09 00:00:00 ,18381.007
H, 2017/06/09 01:00:00 ,19788.98
H, 2017/06/09 02:00:00 ,19474.921
H, 2017/06/09 03:00:00 ,18705.684
H, 2017/06/09 04:00:00 ,18505.266
H, 2017/06/09 05:00:00 ,18656.505
H, 2017/06/09 06:00:00 ,18598.711
H, 2017/06/09 07:00:00 ,17786.577
H, 2017/06/09 08:00:00 ,17791.428
H, 2017/06/09 09:00:00 ,17490.946
H, 2017/06/09 10:00:00 ,17255.138
H, 2017/06/09 11:00:00 ,17403.516
H, 2017/06/09 12:00:00 ,16279.051
H, 2017/06/09 13:00:00 ,17305.51
H, 2017/06/09 14:00:00 ,18478.436
H, 2017/06/09 15:00:00 ,19443.918
H, 2017/06/09 16:00:00 ,19401.679
H, 2017/06/09 17:00:00 ,19723.692
H, 2017/06/09 18:00:00 ,20074.527
H, 2017/06/09 19:00:00 ,20071.982
H, 2017/06/09 20:00:00 ,20186.399
H, 2017/06/09 21:00:00 ,20306.95
H, 2017/06/09 22:00:00 ,20482.696
H, 2017/06/09 23:00:00 ,20423.103
H, 2017/06/10 00:00:00 ,19827.463
H, 2017/06/10 01:00:00 ,20231.615
H, 2017/06/10 02:00:00 ,20527.386
H, 2017/06/10 03:00:00 ,20587.31
H, 2017/06/10 04:00:00 ,20305.87
H, 2017/06/10 05:00:00 ,20419.662
H, 2017/06/10 06:00:00 ,19933.334
H, 2017/06/10 07:00:00 ,18814.071
H, 2017/06/10 08:00:00 ,17638.084
H, 2017/06/10 09:00:00 ,16588.065
H, 2017/06/10 10:00:00 ,16960.678
H, 2017/06/10 11:00:00 ,16193.703
H, 2017/06/10 12:00:00 ,16505.354
H, 2017/06/10 13:00:00 ,14875.252
H, 2017/06/10 14:00:00 ,14997.293
H, 2017/06/10 15:00:00 ,16192.83
H, 2017/06/10 16:00:00 ,17839.539
H, 2017/06/10 17:00:00 ,19187.987
H, 2017/06/10 18:00:00 ,19903.182
H, 2017/06/10 19:00:00 ,19499.954
H, 2017/06/10 20:00:00 ,18802.349
H, 2017/06/10 21:00:00 ,19053.389
H, 2017/06/10 22:00:00 ,18419.549
H, 2017/06/10 23:00:00 ,17939.824
H, 2017/06/11 00:00:00 ,17881.943
H, 2017/06/11 01:00:00 ,18540.837
H, 2017/06/11 02:00:00 ,18763.743
H, 2017/06/11 03:00:00 ,18357.715
H, 2017/06/11 04:00:00 ,18636.44
H, 2017/06/11 05:00:00 ,18527.813
H, 2017/06/11 06:00:00 ,18627.076
H, 2017/06/11 07:00:00 ,18161.625
H, 2017/06/11 08:00:00 ,17885.006
H, 2017/06/11 09:00:00 ,16692.413
H, 2017/06/11 10:00:00 ,16238.113
H, 2017/06/11 11:00:00 ,15620.786
H, 2017/06/11 12:00:00 ,15633.773
H, 2017/06/11 13:00:00 ,15540.254
H, 2017/06/11 14:00:00 ,15478.396
H, 2017/06/11 15:00:00 ,15780.281
H, 2017/06/11 16:00:00 ,16605.636
H, 2017/06/11 17:00:00 ,16774.437
H, 2017/06/11 18:00:00 ,18261.011
H, 2017/06/11 19:00:00 ,18388.679
H, 2017/06/11 20:00:00 ,18293.657
H, 2017/06/11 21:00:00 ,17925.677
H, 2017/06/11 22:00:00 ,17973.45
H, 2017/06/11 23:00:00 ,17383.593
H, 2017/06/12 00:00:00 ,16565.983
H, 2017/06/12 01:00:00 ,17344.112
H, 2017/06/12 02:00:00 ,18230.649
H, 2017/06/12 03:00:00 ,17426.185
H, 2017/06/12 04:00:00 ,16307.801
H, 2017/06/12 05:00:00 ,16590.364
H, 2017/06/12 06:00:00 ,15815.238
H, 2017/06/12 07:00:00 ,14348.182
H, 2017/06/12 08:00:00 ,14107.956
H, 2017/06/12 09:00:00 ,13272.113
H, 2017/06/12 10:00:00 ,13096.629
H, 2017/06/12 11:00:00 ,13284.186
H, 2017/06/12 12:00:00 ,13796.478
H, 2017/06/12 13:00:00 ,14088.375
H, 2017/06/12 14:00:00 ,13210.291
H, 2017/06/12 15:00:00 ,14662.928
H, 2017/06/12 16:00:00 ,14748.643
H, 2017/06/12 17:00:00 ,15282.627
H, 2017/06/12 18:00:00 ,15578.774
H, 2017/06/12 19:00:00 ,16588.766
H, 2017/06/12 20:00:00 ,16786.53
H, 2017/06/12 21:00:00 ,17085.832
H, 2017/06/12 22:00:00 ,17079.999
H, 2017/06/12 23:00:00 ,17265.403
H, 2017/06/13 00:00:00 ,16587.833
H, 2017/06/13 01:00:00 ,17117.44
H, 2017/06/13 02:00:00 ,17339.689
H, 2017/06/13 03:00:00 ,16911.807
H, 2017/06/13 04:00:00 ,17134.053
H, 2017/06/13 05:00:00 ,16727.166
H, 2017/06/13 06:00:00 ,16853.136
H, 2017/06/13 07:00:00 ,13820.913
H, 2017/06/13 08:00:00 ,13062.278
H, 2017/06/13 09:00:00 ,14292.987
H, 2017/06/13 10:00:00 ,14549.299
H, 2017/06/13 11:00:00 ,15389.446
H, 2017/06/13 12:00:00 ,15973.736
H, 2017/06/13 13:00:00 ,15710.309
H, 2017/06/13 14:00:00 ,15419.074
H, 2017/06/13 15:00:00 ,15362.292
H, 2017/06/13 16:00:00 ,16637.933
H, 2017/06/13 17:00:00 ,16782.285
H, 2017/06/13 18:00:00 ,17000.423
H, 2017/06/13 19:00:00 ,16607.459
H, 2017/06/13 20:00:00 ,16264.337
H, 2017/06/13 21:00:00 ,16126.433
H, 2017/06/13 22:00:00 ,16270.082
H, 2017/06/13 23:00:00 ,16669.425
H, 2017/06/14 00:00:00 ,17310.456
H, 2017/06/14 01:00:00 ,17975.47
H, 2017/06/14 02:00:00 ,17471.675
H, 2017/06/14 03:00:00 ,17955.43
H, 2017/06/14 04:00:00 ,17743.121
H, 2017/06/14 05:00:00 ,17158.496
H, 2017/06/14 06:00:00 ,17059.172
H, 2017/06/14 07:00:00 ,16566.558
H, 2017/06/14 08:00:00 ,17585.043
H, 2017/06/14 09:00:00 ,16655.526
H, 2017/06/14 10:00:00 ,15968.688
H, 2017/06/14 11:00:00 ,15129.24
H, 2017/06/14 12:00:00 ,14910.602
H, 2017/06/14 13:00:00 ,15006.374
H, 2017/06/14 14:00:00 ,14175.05
H, 2017/06/14 15:00:00 ,15258.993
H, 2017/06/14 16:00:00 ,15625.125
H, 2017/06/14 17:00:00 ,15492.941
H, 2017/06/14 18:00:00 ,15950.575
H, 2017/06/14 19:00:00 ,16231.657
H, 2017/06/14 20:00:00 ,15382.902
H, 2017/06/14 21:00:00 ,15825.742
H, 2017/06/14 22:00:00 ,15897.245
H, 2017/06/14 23:00:00 ,15486.336
H, 2017/06/15 00:00:00 ,15571.23
H, 2017/06/15 01:00:00 ,15458.424
H, 2017/06/15 02:00:00 ,15776.523
H, 2017/06/15 03:00:00 ,15663.427
H, 2017/06/15 04:00:00 ,14855.762
H, 2017/06/15 05:00:00 ,14361.341
H, 2017/06/15 06:00:00 ,14550.169
H, 2017/06/15 07:00:00 ,11896.705
H, 2017/06/15 08:00:00 ,12580.066
H, 2017/06/15 09:00:00 ,12602.339
H, 2017/06/15 10:00:00 ,11167.785
H, 2017/06/15 11:00:00 ,10634.777
H, 2017/06/15 12:00:00 ,10749.674
H, 2017/06/15 13:00:00 ,11880.951
H, 2017/06/15 14:00:00 ,11403.146
H, 2017/06/15 15:00:00 ,12111.164
H, 2017/06/15 16:00:00 ,13153.601
H, 2017/06/15 17:00:00 ,13407.015
H, 2017/06/15 18:00:00 ,13954.801
H, 2017/06/15 19:00:00 ,13763.006
H, 2017/06/15 20:00:00 ,14037.765
H, 2017/06/15 21:00:00 ,13904.348
H, 2017/06/15 22:00:00 ,14372.892
H, 2017/06/15 23:00:00 ,14193.459
H, 2017/06/16 00:00:00 ,13540.462
H, 2017/06/16 01:00:00 ,13238.37
H, 2017/06/16 02:00:00 ,13921.044
H, 2017/06/16 03:00:00 ,13933.727
H, 2017/06/16 04:00:00 ,13942.838
H, 2017/06/16 05:00:00 ,13779.424
H, 2017/06/16 06:00:00 ,13541.059
H, 2017/06/16 07:00:00 ,13237.764
H, 2017/06/16 08:00:00 ,13743.002
H, 2017/06/16 09:00:00 ,13242.925
H, 2017/06/16 10:00:00 ,12952.075
H, 2017/06/16 11:00:00 ,13473.742
H, 2017/06/16 12:00:00 ,13600.942
H, 2017/06/16 13:00:00 ,13304.957
H, 2017/06/16 14:00:00 ,14235.855
H, 2017/06/16 15:00:00 ,14213.434
H, 2017/06/16 16:00:00 ,14732.494
H, 2017/06/16 17:00:00 ,14599.069
H, 2017/06/16 18:00:00 ,14450.967
H, 2017/06/16 19:00:00 ,14283.733
H, 2017/06/16 20:00:00 ,14060.342
H, 2017/06/16 21:00:00 ,13645.282
H, 2017/06/16 22:00:00 ,13623.599
H, 2017/06/16 23:00:00 ,14004.482
H, 2017/06/17 00:00:00 ,13659.718
H, 2017/06/17 01:00:00 ,13710.602
H, 2017/06/17 02:00:00 ,13432.272
H, 2017/06/17 03:00:00 ,12197.299
H, 2017/06/17 04:00:00 ,12000.761
H, 2017/06/17 05:00:00 ,12320.959
H, 2017/06/17 06:00:00 ,12375.131
H, 2017/06/17 07:00:00 ,13328.017
H, 2017/06/17 08:00:00 ,12469.523
H, 2017/06/17 09:00:00 ,11290.722
H, 2017/06/17 10:00:00 ,12901.336
H, 2017/06/17 11:00:00 ,13191.043
H, 2017/06/17 12:00:00 ,13337.121
H, 2017/06/17 13:00:00 ,13941.307
H, 2017/06/17 14:00:00 ,13807.022
H, 2017/06/17 15:00:00 ,14197.597
H, 2017/06/17 16:00:00 ,14527.465
H, 2017/06/17 17:00:00 ,14984.605
H, 2017/06/17 18:00:00 ,14970.954
H, 2017/06/17 19:00:00 ,14482.187
H, 2017/06/17 20:00:00 ,14329.816
H, 2017/06/17 21:00:00 ,13521.499
H, 2017/06/17 22:00:00 ,13934.982
H, 2017/06/17 23:00:00 ,13958.658
H, 2017/06/18 00:00:00 ,13775.309
H, 2017/06/18 01:00:00 ,13957.475
H, 2017/06/18 02:00:00 ,13871.646
H, 2017/06/18 03:00:00 ,14115.217
H, 2017/06/18 04:00:00 ,14262.813
H, 2017/06/18 05:00:00 ,13920.1
H, 2017/06/18 06:00:00 ,13876.191
H, 2017/06/18 07:00:00 ,13380.134
H, 2017/06/18 08:00:00 ,13881.733
H, 2017/06/18 09:00:00 ,13915.638
H, 2017/06/18 10:00:00 ,13499.606
H, 2017/06/18 11:00:00 ,13858.308
H, 2017/06/18 12:00:00 ,14747.669
H, 2017/06/18 13:00:00 ,14736
H, 2017/06/18 14:00:00 ,14916.836
H, 2017/06/18 15:00:00 ,15065.4
H, 2017/06/18 16:00:00 ,15605.271
H, 2017/06/18 17:00:00 ,15172.176
H, 2017/06/18 18:00:00 ,15174.131
H, 2017/06/18 19:00:00 ,14018.057
H, 2017/06/18 20:00:00 ,14693.556
H, 2017/06/18 21:00:00 ,14756.915
H, 2017/06/18 22:00:00 ,14989.035
H, 2017/06/18 23:00:00 ,15645.504
H, 2017/06/19 00:00:00 ,15934.013
H, 2017/06/19 01:00:00 ,15895.672
H, 2017/06/19 02:00:00 ,16200.188
H, 2017/06/19 03:00:00 ,16252.205
H, 2017/06/19 04:00:00 ,16419.017
H, 2017/06/19 05:00:00 ,16314.348
H, 2017/06/19 06:00:00 ,16974.369
H, 2017/06/19 07:00:00 ,16794.474
H, 2017/06/19 08:00:00 ,14950.438
H, 2017/06/19 09:00:00 ,12350.673
H, 2017/06/19 10:00:00 ,11903.883
H, 2017/06/19 11:00:00 ,12500.668
H, 2017/06/19 12:00:00 ,12333.422
H, 2017/06/19 13:00:00 ,14257.748
H, 2017/06/19 14:00:00 ,13779.439
H, 2017/06/19 15:00:00 ,13243.793
H, 2017/06/19 16:00:00 ,13003.434
H, 2017/06/19 17:00:00 ,13074.965
H, 2017/06/19 18:00:00 ,12549.121
H, 2017/06/19 19:00:00 ,12500.56
H, 2017/06/19 20:00:00 ,12200.783
H, 2017/06/19 21:00:00 ,12991.836
H, 2017/06/19 22:00:00 ,13684.114
H, 2017/06/19 23:00:00 ,14075.457
H, 2017/06/20 00:00:00 ,14030.119
H, 2017/06/20 01:00:00 ,14345.227
H, 2017/06/20 02:00:00 ,14082.349
H, 2017/06/20 03:00:00 ,14409.518
H, 2017/06/20 04:00:00 ,13991.526
H, 2017/06/20 05:00:00 ,14516.556
H, 2017/06/20 06:00:00 ,14327.647
H, 2017/06/20 07:00:00 ,13526.521
H, 2017/06/20 08:00:00 ,12969.962
H, 2017/06/20 09:00:00 ,12366.265
H, 2017/06/20 10:00:00 ,11106.658
H, 2017/06/20 11:00:00 ,10408.471
H, 2017/06/20 12:00:00 ,10370.234
H, 2017/06/20 13:00:00 ,10603.21
H, 2017/06/20 14:00:00 ,11777.778
H, 2017/06/20 15:00:00 ,12230.697
H, 2017/06/20 16:00:00 ,12760.345
H, 2017/06/20 17:00:00 ,13247.675
H, 2017/06/20 18:00:00 ,13445.432
H, 2017/06/20 19:00:00 ,13664.015
H, 2017/06/20 20:00:00 ,13642.035
H, 2017/06/20 21:00:00 ,13970.673
H, 2017/06/20 22:00:00 ,14377.712
H, 2017/06/20 23:00:00 ,14669.814
H, 2017/06/21 00:00:00 ,14163.937
H, 2017/06/21 01:00:00 ,14305.352
H, 2017/06/21 02:00:00 ,14199.988
H, 2017/06/21 03:00:00 ,14041.204
H, 2017/06/21 04:00:00 ,14163.295
H, 2017/06/21 05:00:00 ,14080.839
H, 2017/06/21 06:00:00 ,14101.2
H, 2017/06/21 07:00:00 ,13575.375
H, 2017/06/21 08:00:00 ,13325.919
H, 2017/06/21 09:00:00 ,13240.451
H, 2017/06/21 10:00:00 ,13597.085
H, 2017/06/21 11:00:00 ,13442.958
H, 2017/06/21 12:00:00 ,13800.269
H, 2017/06/21 13:00:00 ,14245.552
H, 2017/06/21 14:00:00 ,13480.739
H, 2017/06/21 15:00:00 ,13220.869
H, 2017/06/21 16:00:00 ,14561.675
H, 2017/06/21 17:00:00 ,14414.136
H, 2017/06/21 18:00:00 ,14478.543
H, 2017/06/21 19:00:00 ,14350.681
H, 2017/06/21 20:00:00 ,13893.45
H, 2017/06/21 21:00:00 ,13890.848
H, 2017/06/21 22:00:00 ,14542.624
H, 2017/06/21 23:00:00 ,14463.402
H, 2017/06/22 00:00:00 ,14218.652
H, 2017/06/22 01:00:00 ,14486.296
H, 2017/06/22 02:00:00 ,14193.144
H, 2017/06/22 03:00:00 ,13112.925
H, 2017/06/22 04:00:00 ,12880.86
H, 2017/06/22 05:00:00 ,12943.05
H, 2017/06/22 06:00:00 ,13254.837
H, 2017/06/22 07:00:00 ,13923.884
H, 2017/06/22 08:00:00 ,13371.805
H, 2017/06/22 09:00:00 ,12556.496
H, 2017/06/22 10:00:00 ,11636.871
H, 2017/06/22 11:00:00 ,12535.949
H, 2017/06/22 12:00:00 ,13269.713
H, 2017/06/22 13:00:00 ,12987.674
H, 2017/06/22 14:00:00 ,12364.742
H, 2017/06/22 15:00:00 ,12491.789
H, 2017/06/22 16:00:00 ,12762.74
H, 2017/06/22 17:00:00 ,13869.374
H, 2017/06/22 18:00:00 ,15059.045
H, 2017/06/22 19:00:00 ,15218.848
H, 2017/06/22 20:00:00 ,15322.226
H, 2017/06/22 21:00:00 ,15717.713
H, 2017/06/22 22:00:00 ,15657.529
H, 2017/06/22 23:00:00 ,15800.673
H, 2017/06/23 00:00:00 ,15529.585
H, 2017/06/23 01:00:00 ,15725.269
H, 2017/06/23 02:00:00 ,15524.095
H, 2017/06/23 03:00:00 ,15498.389
H, 2017/06/23 04:00:00 ,15546.647
H, 2017/06/23 05:00:00 ,15782.796
H, 2017/06/23 06:00:00 ,15507.571
H, 2017/06/23 07:00:00 ,14969.518
H, 2017/06/23 08:00:00 ,14483.759
H, 2017/06/23 09:00:00 ,15266.706
H, 2017/06/23 10:00:00 ,14790.228
H, 2017/06/23 11:00:00 ,14783.484
H, 2017/06/23 12:00:00 ,14251.599
H, 2017/06/23 13:00:00 ,14392.612
H, 2017/06/23 14:00:00 ,14624.869
H, 2017/06/23 15:00:00 ,13178.449
H, 2017/06/23 16:00:00 ,14539.528
H, 2017/06/23 17:00:00 ,15236.17
H, 2017/06/23 18:00:00 ,14988.314
H, 2017/06/23 19:00:00 ,15433.014
H, 2017/06/23 20:00:00 ,14738.678
H, 2017/06/23 21:00:00 ,15301.461
H, 2017/06/23 22:00:00 ,15566.071
H, 2017/06/23 23:00:00 ,15393.985
H, 2017/06/24 00:00:00 ,15143.448
H, 2017/06/24 01:00:00 ,15573.726
H, 2017/06/24 02:00:00 ,15561.801
H, 2017/06/24 03:00:00 ,15231.039
H, 2017/06/24 04:00:00 ,15390.592
H, 2017/06/24 05:00:00 ,15070.654
H, 2017/06/24 06:00:00 ,14928.225
H, 2017/06/24 07:00:00 ,14432.324
H, 2017/06/24 08:00:00 ,13688.754
H, 2017/06/24 09:00:00 ,12767.971
H, 2017/06/24 10:00:00 ,12416.193
H, 2017/06/24 11:00:00 ,13526.955
H, 2017/06/24 12:00:00 ,14428.309
H, 2017/06/24 13:00:00 ,14283.047
H, 2017/06/24 14:00:00 ,13471.083
H, 2017/06/24 15:00:00 ,13925.709
H, 2017/06/24 16:00:00 ,13608.375
H, 2017/06/24 17:00:00 ,14403.898
H, 2017/06/24 18:00:00 ,14567.747
H, 2017/06/24 19:00:00 ,14723.381
H, 2017/06/24 20:00:00 ,14687.478
H, 2017/06/24 21:00:00 ,15052.985
H, 2017/06/24 22:00:00 ,14990.803
H, 2017/06/24 23:00:00 ,15158.303
H, 2017/06/25 00:00:00 ,14408.922
H, 2017/06/25 01:00:00 ,15180.408
H, 2017/06/25 02:00:00 ,15205.788
H, 2017/06/25 03:00:00 ,15136.882
H, 2017/06/25 04:00:00 ,15136.974
H, 2017/06/25 05:00:00 ,14817.132
H, 2017/06/25 06:00:00 ,14515.659
H, 2017/06/25 07:00:00 ,13423.937
H, 2017/06/25 08:00:00 ,13233.716
H, 2017/06/25 09:00:00 ,11676.726
H, 2017/06/25 10:00:00 ,11151.458
H, 2017/06/25 11:00:00 ,11893.745
H, 2017/06/25 12:00:00 ,11391.328
H, 2017/06/25 13:00:00 ,11719.144
H, 2017/06/25 14:00:00 ,11788.526
H, 2017/06/25 15:00:00 ,12074.398
H, 2017/06/25 16:00:00 ,12617.004
H, 2017/06/25 17:00:00 ,13067.436
H, 2017/06/25 18:00:00 ,13357.886
H, 2017/06/25 19:00:00 ,13586.761
H, 2017/06/25 20:00:00 ,13379.473
H, 2017/06/25 21:00:00 ,13859.057
H, 2017/06/25 22:00:00 ,14010.835
H, 2017/06/25 23:00:00 ,14138.888
H, 2017/06/26 00:00:00 ,13487.262
H, 2017/06/26 01:00:00 ,12805.059
H, 2017/06/26 02:00:00 ,13063.037
H, 2017/06/26 03:00:00 ,12820.373
H, 2017/06/26 04:00:00 ,13685.148
H, 2017/06/26 05:00:00 ,13905.953
H, 2017/06/26 06:00:00 ,13295.034
H, 2017/06/26 07:00:00 ,13054.32
H, 2017/06/26 08:00:00 ,12875.027
H, 2017/06/26 09:00:00 ,11733.562
H, 2017/06/26 10:00:00 ,12325.568
H, 2017/06/26 11:00:00 ,12730.276
H, 2017/06/26 12:00:00 ,11899.222
H, 2017/06/26 13:00:00 ,11542.699
H, 2017/06/26 14:00:00 ,11712.23
H, 2017/06/26 15:00:00 ,12826.475
H, 2017/06/26 16:00:00 ,14496.397
H, 2017/06/26 17:00:00 ,15225.694
H, 2017/06/26 18:00:00 ,15679.782
H, 2017/06/26 19:00:00 ,15257.692
H, 2017/06/26 20:00:00 ,15065.014
H, 2017/06/26 21:00:00 ,15216.441
H, 2017/06/26 22:00:00 ,14969.554
H, 2017/06/26 23:00:00 ,14150.083
H, 2017/06/27 00:00:00 ,14391.097
H, 2017/06/27 01:00:00 ,15531.986
H, 2017/06/27 02:00:00 ,16046.253
H, 2017/06/27 03:00:00 ,16106.939
H, 2017/06/27 04:00:00 ,15623.658
H, 2017/06/27 05:00:00 ,15285.186
H, 2017/06/27 06:00:00 ,15960.894
H, 2017/06/27 07:00:00 ,14437.815
H, 2017/06/27 08:00:00 ,14330.546
H, 2017/06/27 09:00:00 ,14204.002
H, 2017/06/27 10:00:00 ,14345.025
H, 2017/06/27 11:00:00 ,14494.698
H, 2017/06/27 12:00:00 ,14427.311
H, 2017/06/27 13:00:00 ,14871.968
H, 2017/06/27 14:00:00 ,14346.888
H, 2017/06/27 15:00:00 ,15043.878
H, 2017/06/27 16:00:00 ,16309.63
H, 2017/06/27 17:00:00 ,15903.581
H, 2017/06/27 18:00:00 ,15874.809
H, 2017/06/27 19:00:00 ,16299.306
H, 2017/06/27 20:00:00 ,16407.349
H, 2017/06/27 21:00:00 ,14875.492
H, 2017/06/27 22:00:00 ,15265.278
H, 2017/06/27 23:00:00 ,15553.864
H, 2017/06/28 00:00:00 ,15105.726
H, 2017/06/28 01:00:00 ,14834.042
H, 2017/06/28 02:00:00 ,14176.216
H, 2017/06/28 03:00:00 ,13624.203
H, 2017/06/28 04:00:00 ,13881.499
H, 2017/06/28 05:00:00 ,14577.027
H, 2017/06/28 06:00:00 ,15091.872
H, 2017/06/28 07:00:00 ,14250.157
H, 2017/06/28 08:00:00 ,13144.838
H, 2017/06/28 09:00:00 ,11921.811
H, 2017/06/28 10:00:00 ,12096.839
H, 2017/06/28 11:00:00 ,12544.556
H, 2017/06/28 12:00:00 ,12189.53
H, 2017/06/28 13:00:00 ,12198.653
H, 2017/06/28 14:00:00 ,12068.28
H, 2017/06/28 15:00:00 ,12427.212
H, 2017/06/28 16:00:00 ,12747.739
H, 2017/06/28 17:00:00 ,13923.216
H, 2017/06/28 18:00:00 ,14411.54
H, 2017/06/28 19:00:00 ,14783.68
H, 2017/06/28 20:00:00 ,14540.812
H, 2017/06/28 21:00:00 ,14765.2
H, 2017/06/28 22:00:00 ,14768.953
H, 2017/06/28 23:00:00 ,14924.336
H, 2017/06/29 00:00:00 ,14868.585
H, 2017/06/29 01:00:00 ,14719.075
H, 2017/06/29 02:00:00 ,14849.783
H, 2017/06/29 03:00:00 ,14700.833
H, 2017/06/29 04:00:00 ,14663.967
H, 2017/06/29 05:00:00 ,14944.225
H, 2017/06/29 06:00:00 ,14802.169
H, 2017/06/29 07:00:00 ,13921.74
H, 2017/06/29 08:00:00 ,13787.138
H, 2017/06/29 09:00:00 ,12781.18
H, 2017/06/29 10:00:00 ,13073.717
H, 2017/06/29 11:00:00 ,14214.13
H, 2017/06/29 12:00:00 ,13281.357
H, 2017/06/29 13:00:00 ,12935.582
H, 2017/06/29 14:00:00 ,12647.917
H, 2017/06/29 15:00:00 ,13033.439
H, 2017/06/29 16:00:00 ,14626.674
H, 2017/06/29 17:00:00 ,14205.72
H, 2017/06/29 18:00:00 ,14249.783
H, 2017/06/29 19:00:00 ,14393.39
H, 2017/06/29 20:00:00 ,14292.886
H, 2017/06/29 21:00:00 ,15616.114
H, 2017/06/29 22:00:00 ,15516.315
H, 2017/06/29 23:00:00 ,16127.066
H, 2017/06/30 00:00:00 ,15599.922
H, 2017/06/30 01:00:00 ,15690.953
H, 2017/06/30 02:00:00 ,15648.688
H, 2017/06/30 03:00:00 ,15849.141
H, 2017/06/30 04:00:00 ,15304.119
H, 2017/06/30 05:00:00 ,14866.516
H, 2017/06/30 06:00:00 ,14804.888
H, 2017/06/30 07:00:00 ,12836.363
H, 2017/06/30 08:00:00 ,11401.517
H, 2017/06/30 09:00:00 ,10989.883
H, 2017/06/30 10:00:00 ,11505.867
H, 2017/06/30 11:00:00 ,10862.954
H, 2017/06/30 12:00:00 ,11160.744
H, 2017/06/30 13:00:00 ,11324.659
H, 2017/06/30 14:00:00 ,11041.835
H, 2017/06/30 15:00:00 ,11704.736
H, 2017/06/30 16:00:00 ,12098.526
H, 2017/06/30 17:00:00 ,12713.271
H, 2017/06/30 18:00:00 ,14087.606
H, 2017/06/30 19:00:00 ,14030.787
H, 2017/06/30 20:00:00 ,14079.392
H, 2017/06/30 21:00:00 ,15132.622
H, 2017/06/30 22:00:00 ,15132.589
H, 2017/06/30 23:00:00 ,15272.308
H, 2017/07/01 00:00:00 ,14912.165
H, 2017/07/01 01:00:00 ,15307.212
H, 2017/07/01 02:00:00 ,15631.332
H, 2017/07/01 03:00:00 ,15660.157
H, 2017/07/01 04:00:00 ,15559.482
H, 2017/07/01 05:00:00 ,15717.524
H, 2017/07/01 06:00:00 ,15306.109
H, 2017/07/01 07:00:00 ,14264.597
H, 2017/07/01 08:00:00 ,13344.612
H, 2017/07/01 09:00:00 ,10977.089
H, 2017/07/01 10:00:00 ,9828.986
H, 2017/07/01 11:00:00 ,10154.673
H, 2017/07/01 12:00:00 ,10957.146
H, 2017/07/01 13:00:00 ,11723.592
H, 2017/07/01 14:00:00 ,12663.944
H, 2017/07/01 15:00:00 ,13142.697
H, 2017/07/01 16:00:00 ,13701.827
H, 2017/07/01 17:00:00 ,13507.072
H, 2017/07/01 18:00:00 ,14421.746
H, 2017/07/01 19:00:00 ,14122.257
H, 2017/07/01 20:00:00 ,14482.296
H, 2017/07/01 21:00:00 ,15342.433
H, 2017/07/01 22:00:00 ,16193.189
H, 2017/07/01 23:00:00 ,16057.085
H, 2017/07/02 00:00:00 ,15680.883
H, 2017/07/02 01:00:00 ,16087.553
H, 2017/07/02 02:00:00 ,15987.512
H, 2017/07/02 03:00:00 ,15822.66
H, 2017/07/02 04:00:00 ,15998.941
H, 2017/07/02 05:00:00 ,15706.779
H, 2017/07/02 06:00:00 ,14860.648
H, 2017/07/02 07:00:00 ,14026.574
H, 2017/07/02 08:00:00 ,13905.403
H, 2017/07/02 09:00:00 ,13709.516
H, 2017/07/02 10:00:00 ,12913.257
H, 2017/07/02 11:00:00 ,13840.355
H, 2017/07/02 12:00:00 ,12821.089
H, 2017/07/02 13:00:00 ,12051.962
H, 2017/07/02 14:00:00 ,13411.865
H, 2017/07/02 15:00:00 ,13858.163
H, 2017/07/02 16:00:00 ,14127.036
H, 2017/07/02 17:00:00 ,14332.544
H, 2017/07/02 18:00:00 ,14740.943
H, 2017/07/02 19:00:00 ,14761.747
H, 2017/07/02 20:00:00 ,14639.94
H, 2017/07/02 21:00:00 ,15016.748
H, 2017/07/02 22:00:00 ,14410.844
H, 2017/07/02 23:00:00 ,14618.762
H, 2017/07/03 00:00:00 ,14521.931
H, 2017/07/03 01:00:00 ,13332.117
H, 2017/07/03 02:00:00 ,13443.57
H, 2017/07/03 03:00:00 ,13609.332
H, 2017/07/03 04:00:00 ,13201.546
H, 2017/07/03 05:00:00 ,14012.63
H, 2017/07/03 06:00:00 ,14153.092
H, 2017/07/03 07:00:00 ,13722.715
H, 2017/07/03 08:00:00 ,13646.65
H, 2017/07/03 09:00:00 ,13246.703
H, 2017/07/03 10:00:00 ,13409.438
H, 2017/07/03 11:00:00 ,13094.725
H, 2017/07/03 12:00:00 ,13282.886
H, 2017/07/03 13:00:00 ,12633.51
H, 2017/07/03 14:00:00 ,13795.714
H, 2017/07/03 15:00:00 ,14293.144
H, 2017/07/03 16:00:00 ,14273.134
H, 2017/07/03 17:00:00 ,13802.233
H, 2017/07/03 18:00:00 ,14214.884
H, 2017/07/03 19:00:00 ,12938.548
H, 2017/07/03 20:00:00 ,12639.298
H, 2017/07/03 21:00:00 ,12594.358
H, 2017/07/03 22:00:00 ,12440.102
H, 2017/07/03 23:00:00 ,12382.57
H, 2017/07/04 00:00:00 ,12268.568
H, 2017/07/04 01:00:00 ,12189.88
H, 2017/07/04 02:00:00 ,12160.385
H, 2017/07/04 03:00:00 ,11863.735
H, 2017/07/04 04:00:00 ,12157.462
H, 2017/07/04 05:00:00 ,12121.517
H, 2017/07/04 06:00:00 ,12108.305
H, 2017/07/04 07:00:00 ,12628.024
H, 2017/07/04 08:00:00 ,12381.458
H, 2017/07/04 09:00:00 ,11990.707
H, 2017/07/04 10:00:00 ,10751.354
H, 2017/07/04 11:00:00 ,10295.177
H, 2017/07/04 12:00:00 ,11268.313
H, 2017/07/04 13:00:00 ,11433.673
H, 2017/07/04 14:00:00 ,12637.978
H, 2017/07/04 15:00:00 ,11749.293
H, 2017/07/04 16:00:00 ,12584.464
H, 2017/07/04 17:00:00 ,12804.256
H, 2017/07/04 18:00:00 ,12103.202
H, 2017/07/04 19:00:00 ,11482.049
H, 2017/07/04 20:00:00 ,11723.074
H, 2017/07/04 21:00:00 ,11806.011
H, 2017/07/04 22:00:00 ,11839.802
H, 2017/07/04 23:00:00 ,11708.871
H, 2017/07/05 00:00:00 ,11627.083
H, 2017/07/05 01:00:00 ,11905.06
H, 2017/07/05 02:00:00 ,11973.916
H, 2017/07/05 03:00:00 ,11788.487
H, 2017/07/05 04:00:00 ,11784.393
H, 2017/07/05 05:00:00 ,11741.52
H, 2017/07/05 06:00:00 ,11709.709
H, 2017/07/05 07:00:00 ,10281.348
H, 2017/07/05 08:00:00 ,9232.282
H, 2017/07/05 09:00:00 ,8858.584
H, 2017/07/05 10:00:00 ,9090.303
H, 2017/07/05 11:00:00 ,8879.058
H, 2017/07/05 12:00:00 ,9009.579
H, 2017/07/05 13:00:00 ,9064.53
H, 2017/07/05 14:00:00 ,10597.151
H, 2017/07/05 15:00:00 ,10987.594
H, 2017/07/05 16:00:00 ,12397.035
H, 2017/07/05 17:00:00 ,12515.097
H, 2017/07/05 18:00:00 ,12685.458
H, 2017/07/05 19:00:00 ,12372.057
H, 2017/07/05 20:00:00 ,12302.791
H, 2017/07/05 21:00:00 ,12973.541
H, 2017/07/05 22:00:00 ,12532.827
H, 2017/07/05 23:00:00 ,11940.877
H, 2017/07/06 00:00:00 ,11410.614
H, 2017/07/06 01:00:00 ,11828.437
H, 2017/07/06 02:00:00 ,12577.776
H, 2017/07/06 03:00:00 ,12888.642
H, 2017/07/06 04:00:00 ,13037.7
H, 2017/07/06 05:00:00 ,12399.919
H, 2017/07/06 06:00:00 ,11415.751
H, 2017/07/06 07:00:00 ,10734.134
H, 2017/07/06 08:00:00 ,11003.96
H, 2017/07/06 09:00:00 ,11126.685
H, 2017/07/06 10:00:00 ,10763.224
H, 2017/07/06 11:00:00 ,12374.955
H, 2017/07/06 12:00:00 ,13695.996
H, 2017/07/06 13:00:00 ,13151.168
H, 2017/07/06 14:00:00 ,13524.336
H, 2017/07/06 15:00:00 ,14338.809
H, 2017/07/06 16:00:00 ,14982.699
H, 2017/07/06 17:00:00 ,14602.345
H, 2017/07/06 18:00:00 ,14681.106
H, 2017/07/06 19:00:00 ,12786.985
H, 2017/07/06 20:00:00 ,13354.122
H, 2017/07/06 21:00:00 ,14230.389
H, 2017/07/06 22:00:00 ,14026.111
H, 2017/07/06 23:00:00 ,14342.683
H, 2017/07/07 00:00:00 ,13974.205
H, 2017/07/07 01:00:00 ,13973.568
H, 2017/07/07 02:00:00 ,14139.756
H, 2017/07/07 03:00:00 ,13876.817
H, 2017/07/07 04:00:00 ,13901.726
H, 2017/07/07 05:00:00 ,14258.932
H, 2017/07/07 06:00:00 ,14053.639
H, 2017/07/07 07:00:00 ,13104.683
H, 2017/07/07 08:00:00 ,12635.826
H, 2017/07/07 09:00:00 ,11693.108
H, 2017/07/07 10:00:00 ,11032.956
H, 2017/07/07 11:00:00 ,10436.223
H, 2017/07/07 12:00:00 ,10948.618
H, 2017/07/07 13:00:00 ,11908.824
H, 2017/07/07 14:00:00 ,12501.065
H, 2017/07/07 15:00:00 ,12800.437
H, 2017/07/07 16:00:00 ,13933.979
H, 2017/07/07 17:00:00 ,14414.353
H, 2017/07/07 18:00:00 ,14659.656
H, 2017/07/07 19:00:00 ,14609.807
H, 2017/07/07 20:00:00 ,14091.227
H, 2017/07/07 21:00:00 ,13157.098
H, 2017/07/07 22:00:00 ,13037.675
H, 2017/07/07 23:00:00 ,12590.991
H, 2017/07/08 00:00:00 ,12318.821
H, 2017/07/08 01:00:00 ,13458.34
H, 2017/07/08 02:00:00 ,13627.799
H, 2017/07/08 03:00:00 ,13986.585
H, 2017/07/08 04:00:00 ,13889.704
H, 2017/07/08 05:00:00 ,14081.33
H, 2017/07/08 06:00:00 ,14213.527
H, 2017/07/08 07:00:00 ,14008.15
H, 2017/07/08 08:00:00 ,14039.023
H, 2017/07/08 09:00:00 ,12673.409
H, 2017/07/08 10:00:00 ,12657.526
H, 2017/07/08 11:00:00 ,13516.494
H, 2017/07/08 12:00:00 ,13330.324
H, 2017/07/08 13:00:00 ,13159.782
H, 2017/07/08 14:00:00 ,13464.878
H, 2017/07/08 15:00:00 ,14162.287
H, 2017/07/08 16:00:00 ,15322.591
H, 2017/07/08 17:00:00 ,15457.006
H, 2017/07/08 18:00:00 ,16236.811
H, 2017/07/08 19:00:00 ,15742.328
H, 2017/07/08 20:00:00 ,15770.798
H, 2017/07/08 21:00:00 ,14985.771
H, 2017/07/08 22:00:00 ,15323.817
H, 2017/07/08 23:00:00 ,15819.443
H, 2017/07/09 00:00:00 ,15413.126
H, 2017/07/09 01:00:00 ,15622.266
H, 2017/07/09 02:00:00 ,15554.369
H, 2017/07/09 03:00:00 ,15493.38
H, 2017/07/09 04:00:00 ,15670.725
H, 2017/07/09 05:00:00 ,15725.247
H, 2017/07/09 06:00:00 ,15194.966
H, 2017/07/09 07:00:00 ,14450.265
H, 2017/07/09 08:00:00 ,14579.339
H, 2017/07/09 09:00:00 ,13890.979
H, 2017/07/09 10:00:00 ,12809.374
H, 2017/07/09 11:00:00 ,12762.52
H, 2017/07/09 12:00:00 ,12780.333
H, 2017/07/09 13:00:00 ,12530.043
H, 2017/07/09 14:00:00 ,13053.683
H, 2017/07/09 15:00:00 ,11663.721
H, 2017/07/09 16:00:00 ,13035.317
H, 2017/07/09 17:00:00 ,14478.848
H, 2017/07/09 18:00:00 ,15578.098
H, 2017/07/09 19:00:00 ,16093.322
H, 2017/07/09 20:00:00 ,15816.311
H, 2017/07/09 21:00:00 ,15557.436
H, 2017/07/09 22:00:00 ,15688.365
H, 2017/07/09 23:00:00 ,15568.482
H, 2017/07/10 00:00:00 ,15457.646
H, 2017/07/10 01:00:00 ,15574.569
H, 2017/07/10 02:00:00 ,15511.815
H, 2017/07/10 03:00:00 ,15722.728
H, 2017/07/10 04:00:00 ,15771.256
H, 2017/07/10 05:00:00 ,15690.836
H, 2017/07/10 06:00:00 ,15443.205
H, 2017/07/10 07:00:00 ,14803.376
H, 2017/07/10 08:00:00 ,14375.002
H, 2017/07/10 09:00:00 ,12892.915
H, 2017/07/10 10:00:00 ,12340.711
H, 2017/07/10 11:00:00 ,12700.685
H, 2017/07/10 12:00:00 ,12889.038
H, 2017/07/10 13:00:00 ,12334.946
H, 2017/07/10 14:00:00 ,12314.522
H, 2017/07/10 15:00:00 ,13799.921
H, 2017/07/10 16:00:00 ,15294.375
H, 2017/07/10 17:00:00 ,15337.134
H, 2017/07/10 18:00:00 ,16268.466
H, 2017/07/10 19:00:00 ,15849.631
H, 2017/07/10 20:00:00 ,15637.11
H, 2017/07/10 21:00:00 ,15605.297
H, 2017/07/10 22:00:00 ,15587.381
H, 2017/07/10 23:00:00 ,15764.312
H, 2017/07/11 00:00:00 ,15143.921
H, 2017/07/11 01:00:00 ,15605.721
H, 2017/07/11 02:00:00 ,15463.463
H, 2017/07/11 03:00:00 ,15604.523
H, 2017/07/11 04:00:00 ,15221.096
H, 2017/07/11 05:00:00 ,14109.377
H, 2017/07/11 06:00:00 ,13830.272
H, 2017/07/11 07:00:00 ,13119.302
H, 2017/07/11 08:00:00 ,13804.321
H, 2017/07/11 09:00:00 ,14041.415
H, 2017/07/11 10:00:00 ,12881.21
H, 2017/07/11 11:00:00 ,12581.542
H, 2017/07/11 12:00:00 ,12805.583
H, 2017/07/11 13:00:00 ,12534.046
H, 2017/07/11 14:00:00 ,11645.877
H, 2017/07/11 15:00:00 ,13151.1
H, 2017/07/11 16:00:00 ,14067.972
H, 2017/07/11 17:00:00 ,14345.972
H, 2017/07/11 18:00:00 ,14997.071
H, 2017/07/11 19:00:00 ,16050.036
H, 2017/07/11 20:00:00 ,15597.567
H, 2017/07/11 21:00:00 ,15510.654
H, 2017/07/11 22:00:00 ,15733.032
H, 2017/07/11 23:00:00 ,15784.202
H, 2017/07/12 00:00:00 ,15509.494
H, 2017/07/12 01:00:00 ,15338.393
H, 2017/07/12 02:00:00 ,15599.534
H, 2017/07/12 03:00:00 ,15616.866
H, 2017/07/12 04:00:00 ,15488.476
H, 2017/07/12 05:00:00 ,15464.051
H, 2017/07/12 06:00:00 ,14934.495
H, 2017/07/12 07:00:00 ,13861.936
H, 2017/07/12 08:00:00 ,13652.585
H, 2017/07/12 09:00:00 ,12484.12
H, 2017/07/12 10:00:00 ,11723.636
H, 2017/07/12 11:00:00 ,11755.86
H, 2017/07/12 12:00:00 ,12296.604
H, 2017/07/12 13:00:00 ,11869.517
H, 2017/07/12 14:00:00 ,11180.974
H, 2017/07/12 15:00:00 ,11923.009
H, 2017/07/12 16:00:00 ,13455.371
H, 2017/07/12 17:00:00 ,14018.631
H, 2017/07/12 18:00:00 ,14407.621
H, 2017/07/12 19:00:00 ,14374.057
H, 2017/07/12 20:00:00 ,13299.425
H, 2017/07/12 21:00:00 ,12909.742
H, 2017/07/12 22:00:00 ,13549.638
H, 2017/07/12 23:00:00 ,13617.07
H, 2017/07/13 00:00:00 ,13116.681
H, 2017/07/13 01:00:00 ,13613.024
H, 2017/07/13 02:00:00 ,14283.207
H, 2017/07/13 03:00:00 ,14290.984
H, 2017/07/13 04:00:00 ,14406.342
H, 2017/07/13 05:00:00 ,14281.189
H, 2017/07/13 06:00:00 ,14147.553
H, 2017/07/13 07:00:00 ,13321.926
H, 2017/07/13 08:00:00 ,12766.617
H, 2017/07/13 09:00:00 ,11657.716
H, 2017/07/13 10:00:00 ,11457.426
H, 2017/07/13 11:00:00 ,12201.738
H, 2017/07/13 12:00:00 ,11423.921
H, 2017/07/13 13:00:00 ,11490.153
H, 2017/07/13 14:00:00 ,11310.924
H, 2017/07/13 15:00:00 ,11629.869
H, 2017/07/13 16:00:00 ,12791.383
H, 2017/07/13 17:00:00 ,13808.42
H, 2017/07/13 18:00:00 ,14207.925
H, 2017/07/13 19:00:00 ,13575.293
H, 2017/07/13 20:00:00 ,13317.558
H, 2017/07/13 21:00:00 ,13272.452
H, 2017/07/13 22:00:00 ,13549.268
H, 2017/07/13 23:00:00 ,14226.633
H, 2017/07/14 00:00:00 ,13955.477
H, 2017/07/14 01:00:00 ,13932.203
H, 2017/07/14 02:00:00 ,13926.08
H, 2017/07/14 03:00:00 ,14498.894
H, 2017/07/14 04:00:00 ,14466.417
H, 2017/07/14 05:00:00 ,14818.783
H, 2017/07/14 06:00:00 ,14904.985
H, 2017/07/14 07:00:00 ,12729.646
H, 2017/07/14 08:00:00 ,11379.473
H, 2017/07/14 09:00:00 ,10757.033
H, 2017/07/14 10:00:00 ,10333.617
H, 2017/07/14 11:00:00 ,10444.684
H, 2017/07/14 12:00:00 ,10296.649
H, 2017/07/14 13:00:00 ,10044.193
H, 2017/07/14 14:00:00 ,11199.54
H, 2017/07/14 15:00:00 ,10888.701
H, 2017/07/14 16:00:00 ,11358.5
H, 2017/07/14 17:00:00 ,11492.843
H, 2017/07/14 18:00:00 ,11623.853
H, 2017/07/14 19:00:00 ,11969.258
H, 2017/07/14 20:00:00 ,12111.949
H, 2017/07/14 21:00:00 ,11583.154
H, 2017/07/14 22:00:00 ,11371.981
H, 2017/07/14 23:00:00 ,12244.172
H, 2017/07/15 00:00:00 ,12243.232
H, 2017/07/15 01:00:00 ,12704.285
H, 2017/07/15 02:00:00 ,12694.613
H, 2017/07/15 03:00:00 ,12765.195
H, 2017/07/15 04:00:00 ,12978.556
H, 2017/07/15 05:00:00 ,12555.576
H, 2017/07/15 06:00:00 ,12166.879
H, 2017/07/15 07:00:00 ,11362.214
H, 2017/07/15 08:00:00 ,8149.388
H, 2017/07/15 09:00:00 ,6267.187
H, 2017/07/15 10:00:00 ,6442.212
H, 2017/07/15 11:00:00 ,7098.708
H, 2017/07/15 12:00:00 ,6540.301
H, 2017/07/15 13:00:00 ,7782.795
H, 2017/07/15 14:00:00 ,8165.966
H, 2017/07/15 15:00:00 ,8441.677
H, 2017/07/15 16:00:00 ,7791.453
H, 2017/07/15 17:00:00 ,8849.48
H, 2017/07/15 18:00:00 ,9455.068
H, 2017/07/15 19:00:00 ,10432.738
H, 2017/07/15 20:00:00 ,11156.004
H, 2017/07/15 21:00:00 ,11696.114
H, 2017/07/15 22:00:00 ,12728.698
H, 2017/07/15 23:00:00 ,13890.37
H, 2017/07/16 00:00:00 ,13974.865
H, 2017/07/16 01:00:00 ,15329.254
H, 2017/07/16 02:00:00 ,15670.601
H, 2017/07/16 03:00:00 ,15607.429
H, 2017/07/16 04:00:00 ,15490.173
H, 2017/07/16 05:00:00 ,15879.101
H, 2017/07/16 06:00:00 ,15171.141
H, 2017/07/16 07:00:00 ,14620.762
H, 2017/07/16 08:00:00 ,14478.082
H, 2017/07/16 09:00:00 ,14969.81
H, 2017/07/16 10:00:00 ,15325.561
H, 2017/07/16 11:00:00 ,14661.557
H, 2017/07/16 12:00:00 ,16356.775
H, 2017/07/16 13:00:00 ,17441.036
H, 2017/07/16 14:00:00 ,17610.378
H, 2017/07/16 15:00:00 ,18170.978
H, 2017/07/16 16:00:00 ,17941.623
H, 2017/07/16 17:00:00 ,17949.359
H, 2017/07/16 18:00:00 ,19252.771
H, 2017/07/16 19:00:00 ,19203.858
H, 2017/07/16 20:00:00 ,19034.242
H, 2017/07/16 21:00:00 ,18663.937
H, 2017/07/16 22:00:00 ,18569.627
H, 2017/07/16 23:00:00 ,18297.966
H, 2017/07/17 00:00:00 ,17912.86
H, 2017/07/17 01:00:00 ,18172.962
H, 2017/07/17 02:00:00 ,18683.75
H, 2017/07/17 03:00:00 ,18626.985
H, 2017/07/17 04:00:00 ,19101.596
H, 2017/07/17 05:00:00 ,18269.705
H, 2017/07/17 06:00:00 ,18067.528
H, 2017/07/17 07:00:00 ,18322.9
H, 2017/07/17 08:00:00 ,17373.03
H, 2017/07/17 09:00:00 ,17605.195
H, 2017/07/17 10:00:00 ,15824.05
H, 2017/07/17 11:00:00 ,16535.634
H, 2017/07/17 12:00:00 ,17148.327
H, 2017/07/17 13:00:00 ,16610.719
H, 2017/07/17 14:00:00 ,17266.937
H, 2017/07/17 15:00:00 ,17225.698
H, 2017/07/17 16:00:00 ,17739.418
H, 2017/07/17 17:00:00 ,18759.557
H, 2017/07/17 18:00:00 ,19154.171
H, 2017/07/17 19:00:00 ,18876.695
H, 2017/07/17 20:00:00 ,19351.564
H, 2017/07/17 21:00:00 ,19228.3
H, 2017/07/17 22:00:00 ,18754.133
H, 2017/07/17 23:00:00 ,18069.765
H, 2017/07/18 00:00:00 ,17943.921
H, 2017/07/18 01:00:00 ,18046.692
H, 2017/07/18 02:00:00 ,18561.126
H, 2017/07/18 03:00:00 ,18031.624
H, 2017/07/18 04:00:00 ,18346.189
H, 2017/07/18 05:00:00 ,18842.925
H, 2017/07/18 06:00:00 ,19029.804
H, 2017/07/18 07:00:00 ,18298.723
H, 2017/07/18 08:00:00 ,17903.728
H, 2017/07/18 09:00:00 ,16467.761
H, 2017/07/18 10:00:00 ,16044.569
H, 2017/07/18 11:00:00 ,15869.701
H, 2017/07/18 12:00:00 ,15303.414
H, 2017/07/18 13:00:00 ,17460.236
H, 2017/07/18 14:00:00 ,18525.358
H, 2017/07/18 15:00:00 ,17942.689
H, 2017/07/18 16:00:00 ,18171.745
H, 2017/07/18 17:00:00 ,18241.081
H, 2017/07/18 18:00:00 ,19045.938
H, 2017/07/18 19:00:00 ,17217.268
H, 2017/07/18 20:00:00 ,17846.449
H, 2017/07/18 21:00:00 ,17567.448
H, 2017/07/18 22:00:00 ,16325.028
H, 2017/07/18 23:00:00 ,16229.247
H, 2017/07/19 00:00:00 ,15559.414
H, 2017/07/19 01:00:00 ,15843.075
H, 2017/07/19 02:00:00 ,16603.922
H, 2017/07/19 03:00:00 ,15681.095
H, 2017/07/19 04:00:00 ,15133.831
H, 2017/07/19 05:00:00 ,15305.886
H, 2017/07/19 06:00:00 ,15239.235
H, 2017/07/19 07:00:00 ,15243.317
H, 2017/07/19 08:00:00 ,15585.526
H, 2017/07/19 09:00:00 ,14453.601
H, 2017/07/19 10:00:00 ,13171.429
H, 2017/07/19 11:00:00 ,12293.365
H, 2017/07/19 12:00:00 ,13090.095
H, 2017/07/19 13:00:00 ,12839.994
H, 2017/07/19 14:00:00 ,13380.875
H, 2017/07/19 15:00:00 ,14299.035
H, 2017/07/19 16:00:00 ,14371.108
H, 2017/07/19 17:00:00 ,14605.045
H, 2017/07/19 18:00:00 ,15933.161
H, 2017/07/19 19:00:00 ,16187.608
H, 2017/07/19 20:00:00 ,16836.792
H, 2017/07/19 21:00:00 ,16657.953
H, 2017/07/19 22:00:00 ,16694.652
H, 2017/07/19 23:00:00 ,16776.991
H, 2017/07/20 00:00:00 ,16250.432
H, 2017/07/20 01:00:00 ,16933.277
H, 2017/07/20 02:00:00 ,17809.837
H, 2017/07/20 03:00:00 ,17690.605
H, 2017/07/20 04:00:00 ,17407.493
H, 2017/07/20 05:00:00 ,17713.913
H, 2017/07/20 06:00:00 ,17607.962
H, 2017/07/20 07:00:00 ,17531.673
H, 2017/07/20 08:00:00 ,17147.437
H, 2017/07/20 09:00:00 ,16198.569
H, 2017/07/20 10:00:00 ,15120.043
H, 2017/07/20 11:00:00 ,16460.081
H, 2017/07/20 12:00:00 ,15611.945
H, 2017/07/20 13:00:00 ,17907.158
H, 2017/07/20 14:00:00 ,17404.655
H, 2017/07/20 15:00:00 ,17335.247
H, 2017/07/20 16:00:00 ,17749.045
H, 2017/07/20 17:00:00 ,18994.794
H, 2017/07/20 18:00:00 ,19416.487
H, 2017/07/20 19:00:00 ,18452.751
H, 2017/07/20 20:00:00 ,18125.103
H, 2017/07/20 21:00:00 ,17605.64
H, 2017/07/20 22:00:00 ,17270.654
H, 2017/07/20 23:00:00 ,17532.689
H, 2017/07/21 00:00:00 ,17047.779
H, 2017/07/21 01:00:00 ,16549.416
H, 2017/07/21 02:00:00 ,16544.21
H, 2017/07/21 03:00:00 ,16461.402
H, 2017/07/21 04:00:00 ,16376.246
H, 2017/07/21 05:00:00 ,15616.714
H, 2017/07/21 06:00:00 ,14231.208
H, 2017/07/21 07:00:00 ,13819.487
H, 2017/07/21 08:00:00 ,13499.467
H, 2017/07/21 09:00:00 ,13399.933
H, 2017/07/21 10:00:00 ,13995.795
H, 2017/07/21 11:00:00 ,13536.656
H, 2017/07/21 12:00:00 ,13657.951
H, 2017/07/21 13:00:00 ,14522.644
H, 2017/07/21 14:00:00 ,14313.924
H, 2017/07/21 15:00:00 ,15245.104
H, 2017/07/21 16:00:00 ,15067.94
H, 2017/07/21 17:00:00 ,16461.712
H, 2017/07/21 18:00:00 ,16306.366
H, 2017/07/21 19:00:00 ,16782.334
H, 2017/07/21 20:00:00 ,16693.458
H, 2017/07/21 21:00:00 ,16765.234
H, 2017/07/21 22:00:00 ,17495.228
H, 2017/07/21 23:00:00 ,17296.594
H, 2017/07/22 00:00:00 ,16845.444
H, 2017/07/22 01:00:00 ,17050.369
H, 2017/07/22 02:00:00 ,17490.68
H, 2017/07/22 03:00:00 ,17873.874
H, 2017/07/22 04:00:00 ,17840.556
H, 2017/07/22 05:00:00 ,17788.292
H, 2017/07/22 06:00:00 ,17597.315
H, 2017/07/22 07:00:00 ,16966.507
H, 2017/07/22 08:00:00 ,15881.174
H, 2017/07/22 09:00:00 ,14760.734
H, 2017/07/22 10:00:00 ,13982.681
H, 2017/07/22 11:00:00 ,13894.287
H, 2017/07/22 12:00:00 ,14022.933
H, 2017/07/22 13:00:00 ,14153.066
H, 2017/07/22 14:00:00 ,14905.265
H, 2017/07/22 15:00:00 ,15663.642
H, 2017/07/22 16:00:00 ,17131.409
H, 2017/07/22 17:00:00 ,17726.093
H, 2017/07/22 18:00:00 ,17825.978
H, 2017/07/22 19:00:00 ,18739.437
H, 2017/07/22 20:00:00 ,19182.108
H, 2017/07/22 21:00:00 ,17901.989
H, 2017/07/22 22:00:00 ,16975.938
H, 2017/07/22 23:00:00 ,17045.2
H, 2017/07/23 00:00:00 ,16704.229
H, 2017/07/23 01:00:00 ,17297.393
H, 2017/07/23 02:00:00 ,17462.261
H, 2017/07/23 03:00:00 ,17011.521
H, 2017/07/23 04:00:00 ,17599.313
H, 2017/07/23 05:00:00 ,17977.182
H, 2017/07/23 06:00:00 ,18294.47
H, 2017/07/23 07:00:00 ,17669.126
H, 2017/07/23 08:00:00 ,17649.336
H, 2017/07/23 09:00:00 ,16456.439
H, 2017/07/23 10:00:00 ,16114.798
H, 2017/07/23 11:00:00 ,16553.109
H, 2017/07/23 12:00:00 ,15859.937
H, 2017/07/23 13:00:00 ,16773.488
H, 2017/07/23 14:00:00 ,17006.25
H, 2017/07/23 15:00:00 ,17819.48
H, 2017/07/23 16:00:00 ,18415.929
H, 2017/07/23 17:00:00 ,18726.252
H, 2017/07/23 18:00:00 ,18956.846
H, 2017/07/23 19:00:00 ,19250.839
H, 2017/07/23 20:00:00 ,18952.244
H, 2017/07/23 21:00:00 ,19087.161
H, 2017/07/23 22:00:00 ,18973.675
H, 2017/07/23 23:00:00 ,18848.944
H, 2017/07/24 00:00:00 ,18752.346
H, 2017/07/24 01:00:00 ,18628.002
H, 2017/07/24 02:00:00 ,19064.896
H, 2017/07/24 03:00:00 ,18964.341
H, 2017/07/24 04:00:00 ,19076.764
H, 2017/07/24 05:00:00 ,18510.825
H, 2017/07/24 06:00:00 ,18526.933
H, 2017/07/24 07:00:00 ,18575.794
H, 2017/07/24 08:00:00 ,17764.463
H, 2017/07/24 09:00:00 ,16249.237
H, 2017/07/24 10:00:00 ,16217.751
H, 2017/07/24 11:00:00 ,16700.714
H, 2017/07/24 12:00:00 ,16909.807
H, 2017/07/24 13:00:00 ,16186.461
H, 2017/07/24 14:00:00 ,16747.426
H, 2017/07/24 15:00:00 ,17762.082
H, 2017/07/24 16:00:00 ,17858.255
H, 2017/07/24 17:00:00 ,17731.038
H, 2017/07/24 18:00:00 ,19060.212
H, 2017/07/24 19:00:00 ,19129.017
H, 2017/07/24 20:00:00 ,19303.123
H, 2017/07/24 21:00:00 ,20164.56
H, 2017/07/24 22:00:00 ,20708.821
H, 2017/07/24 23:00:00 ,19900.848
H, 2017/07/25 00:00:00 ,18815.452
H, 2017/07/25 01:00:00 ,19597.26
H, 2017/07/25 02:00:00 ,18589.287
H, 2017/07/25 03:00:00 ,18550.61
H, 2017/07/25 04:00:00 ,18306.873
H, 2017/07/25 05:00:00 ,17148.939
H, 2017/07/25 06:00:00 ,16572.708
H, 2017/07/25 07:00:00 ,15578.821
H, 2017/07/25 08:00:00 ,13945.846
H, 2017/07/25 09:00:00 ,13365.822
H, 2017/07/25 10:00:00 ,13006.886
H, 2017/07/25 11:00:00 ,12620.173
H, 2017/07/25 12:00:00 ,12979.062
H, 2017/07/25 13:00:00 ,12899.969
H, 2017/07/25 14:00:00 ,13348.034
H, 2017/07/25 15:00:00 ,13810.896
H, 2017/07/25 16:00:00 ,14540.875
H, 2017/07/25 17:00:00 ,14608.811
H, 2017/07/25 18:00:00 ,15534.871
H, 2017/07/25 19:00:00 ,15508.211
H, 2017/07/25 20:00:00 ,15721.959
H, 2017/07/25 21:00:00 ,15661.785
H, 2017/07/25 22:00:00 ,15513.774
H, 2017/07/25 23:00:00 ,15743.315
H, 2017/07/26 00:00:00 ,15855.191
H, 2017/07/26 01:00:00 ,16233.839
H, 2017/07/26 02:00:00 ,17986.837
H, 2017/07/26 03:00:00 ,17787.779
H, 2017/07/26 04:00:00 ,17410.945
H, 2017/07/26 05:00:00 ,17448.858
H, 2017/07/26 06:00:00 ,18109.388
H, 2017/07/26 07:00:00 ,17361.377
H, 2017/07/26 08:00:00 ,16430.568
H, 2017/07/26 09:00:00 ,15564.293
H, 2017/07/26 10:00:00 ,15132.563
H, 2017/07/26 11:00:00 ,15013.135
H, 2017/07/26 12:00:00 ,15811.375
H, 2017/07/26 13:00:00 ,15748.676
H, 2017/07/26 14:00:00 ,16268.686
H, 2017/07/26 15:00:00 ,16102.928
H, 2017/07/26 16:00:00 ,17473.137
H, 2017/07/26 17:00:00 ,17895.193
H, 2017/07/26 18:00:00 ,18186.816
H, 2017/07/26 19:00:00 ,17892.443
H, 2017/07/26 20:00:00 ,17527.673
H, 2017/07/26 21:00:00 ,16998.296
H, 2017/07/26 22:00:00 ,16242.449
H, 2017/07/26 23:00:00 ,16357.925
H, 2017/07/27 00:00:00 ,16024.311
H, 2017/07/27 01:00:00 ,16469.898
H, 2017/07/27 02:00:00 ,16685.823
H, 2017/07/27 03:00:00 ,16484.47
H, 2017/07/27 04:00:00 ,16842.287
H, 2017/07/27 05:00:00 ,16783.123
H, 2017/07/27 06:00:00 ,16225.476
H, 2017/07/27 07:00:00 ,15714.889
H, 2017/07/27 08:00:00 ,14548.552
H, 2017/07/27 09:00:00 ,13772.589
H, 2017/07/27 10:00:00 ,13622.798
H, 2017/07/27 11:00:00 ,13082.658
H, 2017/07/27 12:00:00 ,11821.432
H, 2017/07/27 13:00:00 ,12177.602
H, 2017/07/27 14:00:00 ,12101.655
H, 2017/07/27 15:00:00 ,12832.109
H, 2017/07/27 16:00:00 ,12403.338
H, 2017/07/27 17:00:00 ,13211.011
H, 2017/07/27 18:00:00 ,13528.797
H, 2017/07/27 19:00:00 ,13647.975
H, 2017/07/27 20:00:00 ,13995.635
H, 2017/07/27 21:00:00 ,13677.072
H, 2017/07/27 22:00:00 ,13691.475
H, 2017/07/27 23:00:00 ,13683.089
H, 2017/07/28 00:00:00 ,13363.522
H, 2017/07/28 01:00:00 ,14416.287
H, 2017/07/28 02:00:00 ,14698.427
H, 2017/07/28 03:00:00 ,14714.777
H, 2017/07/28 04:00:00 ,14694.737
H, 2017/07/28 05:00:00 ,15263.891
H, 2017/07/28 06:00:00 ,16271.07
H, 2017/07/28 07:00:00 ,16466.245
H, 2017/07/28 08:00:00 ,15852.411
H, 2017/07/28 09:00:00 ,14719.887
H, 2017/07/28 10:00:00 ,14600.782
H, 2017/07/28 11:00:00 ,14665.187
H, 2017/07/28 12:00:00 ,14750.885
H, 2017/07/28 13:00:00 ,14848.208
H, 2017/07/28 14:00:00 ,14827.313
H, 2017/07/28 15:00:00 ,15712.323
H, 2017/07/28 16:00:00 ,15241.953
H, 2017/07/28 17:00:00 ,16722.68
H, 2017/07/28 18:00:00 ,17534.089
H, 2017/07/28 19:00:00 ,17913.925
H, 2017/07/28 20:00:00 ,17635.591
H, 2017/07/28 21:00:00 ,17572.886
H, 2017/07/28 22:00:00 ,18293.792
H, 2017/07/28 23:00:00 ,17951.924
H, 2017/07/29 00:00:00 ,17575.767
H, 2017/07/29 01:00:00 ,17906.417
H, 2017/07/29 02:00:00 ,17891.743
H, 2017/07/29 03:00:00 ,17217.754
H, 2017/07/29 04:00:00 ,17018.918
H, 2017/07/29 05:00:00 ,17605.311
H, 2017/07/29 06:00:00 ,16513.952
H, 2017/07/29 07:00:00 ,14519.849
H, 2017/07/29 08:00:00 ,13336.825
H, 2017/07/29 09:00:00 ,12419.286
H, 2017/07/29 10:00:00 ,12022.837
H, 2017/07/29 11:00:00 ,12653.561
H, 2017/07/29 12:00:00 ,12876.192
H, 2017/07/29 13:00:00 ,12018.621
H, 2017/07/29 14:00:00 ,13166.912
H, 2017/07/29 15:00:00 ,13509.537
H, 2017/07/29 16:00:00 ,13906.192
H, 2017/07/29 17:00:00 ,13575.623
H, 2017/07/29 18:00:00 ,13750.839
H, 2017/07/29 19:00:00 ,13531.567
H, 2017/07/29 20:00:00 ,14504.348
H, 2017/07/29 21:00:00 ,16222.797
H, 2017/07/29 22:00:00 ,17478.908
H, 2017/07/29 23:00:00 ,18395.534
H, 2017/07/30 00:00:00 ,18088.072
H, 2017/07/30 01:00:00 ,18070.163
H, 2017/07/30 02:00:00 ,18381.077
H, 2017/07/30 03:00:00 ,18101.6
H, 2017/07/30 04:00:00 ,17950.385
H, 2017/07/30 05:00:00 ,18392.874
H, 2017/07/30 06:00:00 ,18322.306
H, 2017/07/30 07:00:00 ,16884.651
H, 2017/07/30 08:00:00 ,14613.372
H, 2017/07/30 09:00:00 ,13059.538
H, 2017/07/30 10:00:00 ,12770.955
H, 2017/07/30 11:00:00 ,13053.98
H, 2017/07/30 12:00:00 ,12919.935
H, 2017/07/30 13:00:00 ,12955.14
H, 2017/07/30 14:00:00 ,13182.795
H, 2017/07/30 15:00:00 ,14206.168
H, 2017/07/30 16:00:00 ,15535.35
H, 2017/07/30 17:00:00 ,16157.435
H, 2017/07/30 18:00:00 ,16490.535
H, 2017/07/30 19:00:00 ,16641.529
H, 2017/07/30 20:00:00 ,16755.921
H, 2017/07/30 21:00:00 ,17414.523
H, 2017/07/30 22:00:00 ,18860.61
H, 2017/07/30 23:00:00 ,19433.884
H, 2017/07/31 00:00:00 ,19780.369
H, 2017/07/31 01:00:00 ,20116.837
H, 2017/07/31 02:00:00 ,20106.606
H, 2017/07/31 03:00:00 ,20215.545
H, 2017/07/31 04:00:00 ,20089.375
H, 2017/07/31 05:00:00 ,19805.97
H, 2017/07/31 06:00:00 ,19300.577
H, 2017/07/31 07:00:00 ,18500.542
H, 2017/07/31 08:00:00 ,17782.86
H, 2017/07/31 09:00:00 ,15557.954
H, 2017/07/31 10:00:00 ,15913.55
H, 2017/07/31 11:00:00 ,16487.567
H, 2017/07/31 12:00:00 ,16257.091
H, 2017/07/31 13:00:00 ,17144.244
H, 2017/07/31 14:00:00 ,17915.193
H, 2017/07/31 15:00:00 ,18182.49
H, 2017/07/31 16:00:00 ,19379.853
H, 2017/07/31 17:00:00 ,19998.538
H, 2017/07/31 18:00:00 ,20369.042
H, 2017/07/31 19:00:00 ,20804.436
H, 2017/07/31 20:00:00 ,20773.313
H, 2017/07/31 21:00:00 ,20952.575
H, 2017/07/31 22:00:00 ,20557.513
H, 2017/07/31 23:00:00 ,20689.795
H, 2017/08/01 00:00:00 ,20820.982
H, 2017/08/01 01:00:00 ,21016.262
H, 2017/08/01 02:00:00 ,20189.704
H, 2017/08/01 03:00:00 ,20760.385
H, 2017/08/01 04:00:00 ,20792.768
H, 2017/08/01 05:00:00 ,19970.647
H, 2017/08/01 06:00:00 ,19387.685
H, 2017/08/01 07:00:00 ,19365.143
H, 2017/08/01 08:00:00 ,17008.451
H, 2017/08/01 09:00:00 ,15157.643
H, 2017/08/01 10:00:00 ,14542.435
H, 2017/08/01 11:00:00 ,15002.655
H, 2017/08/01 12:00:00 ,15884.855
H, 2017/08/01 13:00:00 ,15992.698
H, 2017/08/01 14:00:00 ,15222.04
H, 2017/08/01 15:00:00 ,16063.563
H, 2017/08/01 16:00:00 ,16736.734
H, 2017/08/01 17:00:00 ,17589.15
H, 2017/08/01 18:00:00 ,17464.088
H, 2017/08/01 19:00:00 ,16938.228
H, 2017/08/01 20:00:00 ,16433.994
H, 2017/08/01 21:00:00 ,16640.831
H, 2017/08/01 22:00:00 ,17122.455
H, 2017/08/01 23:00:00 ,17587.156
H, 2017/08/02 00:00:00 ,16715.692
H, 2017/08/02 01:00:00 ,16566.849
H, 2017/08/02 02:00:00 ,16105.477
H, 2017/08/02 03:00:00 ,15412.829
H, 2017/08/02 04:00:00 ,15763.972
H, 2017/08/02 05:00:00 ,16903.868
H, 2017/08/02 06:00:00 ,16705.315
H, 2017/08/02 07:00:00 ,16183.652
H, 2017/08/02 08:00:00 ,16358.959
H, 2017/08/02 09:00:00 ,16148.472
H, 2017/08/02 10:00:00 ,16316.246
H, 2017/08/02 11:00:00 ,15774.998
H, 2017/08/02 12:00:00 ,15955.824
H, 2017/08/02 13:00:00 ,14650.193
H, 2017/08/02 14:00:00 ,15515.132
H, 2017/08/02 15:00:00 ,16230.717
H, 2017/08/02 16:00:00 ,16503.158
H, 2017/08/02 17:00:00 ,16853.772
H, 2017/08/02 18:00:00 ,16689.117
H, 2017/08/02 19:00:00 ,17015.317
H, 2017/08/02 20:00:00 ,17301.07
H, 2017/08/02 21:00:00 ,17345.065
H, 2017/08/02 22:00:00 ,17143.984
H, 2017/08/02 23:00:00 ,17137.287
H, 2017/08/03 00:00:00 ,17125.694
H, 2017/08/03 01:00:00 ,17240.453
H, 2017/08/03 02:00:00 ,17591.489
H, 2017/08/03 03:00:00 ,17399.303
H, 2017/08/03 04:00:00 ,17272.126
H, 2017/08/03 05:00:00 ,17507.62
H, 2017/08/03 06:00:00 ,17193.785
H, 2017/08/03 07:00:00 ,16370.651
H, 2017/08/03 08:00:00 ,15268.682
H, 2017/08/03 09:00:00 ,13736.807
H, 2017/08/03 10:00:00 ,13442.047
H, 2017/08/03 11:00:00 ,14917.596
H, 2017/08/03 12:00:00 ,15158.363
H, 2017/08/03 13:00:00 ,13838.933
H, 2017/08/03 14:00:00 ,13477.887
H, 2017/08/03 15:00:00 ,14103.351
H, 2017/08/03 16:00:00 ,13761.57
H, 2017/08/03 17:00:00 ,14221.828
H, 2017/08/03 18:00:00 ,15424.201
H, 2017/08/03 19:00:00 ,15398.373
H, 2017/08/03 20:00:00 ,14860.032
H, 2017/08/03 21:00:00 ,15797.294
H, 2017/08/03 22:00:00 ,16247.585
H, 2017/08/03 23:00:00 ,16278.241
H, 2017/08/04 00:00:00 ,16022.857
H, 2017/08/04 01:00:00 ,16831.447
H, 2017/08/04 02:00:00 ,17130.07
H, 2017/08/04 03:00:00 ,17194.41
H, 2017/08/04 04:00:00 ,17370.602
H, 2017/08/04 05:00:00 ,17070.294
H, 2017/08/04 06:00:00 ,16723.911
H, 2017/08/04 07:00:00 ,16027.364
H, 2017/08/04 08:00:00 ,15239.317
H, 2017/08/04 09:00:00 ,13880.943
H, 2017/08/04 10:00:00 ,13581.389
H, 2017/08/04 11:00:00 ,13759.99
H, 2017/08/04 12:00:00 ,14123.629
H, 2017/08/04 13:00:00 ,14389.14
H, 2017/08/04 14:00:00 ,13918.002
H, 2017/08/04 15:00:00 ,15827.108
H, 2017/08/04 16:00:00 ,16335.906
H, 2017/08/04 17:00:00 ,16445.443
H, 2017/08/04 18:00:00 ,16952.965
H, 2017/08/04 19:00:00 ,17470.068
H, 2017/08/04 20:00:00 ,17831.199
H, 2017/08/04 21:00:00 ,18109.303
H, 2017/08/04 22:00:00 ,18260.925
H, 2017/08/04 23:00:00 ,18474.921
H, 2017/08/05 00:00:00 ,18072.532
H, 2017/08/05 01:00:00 ,18207.2
H, 2017/08/05 02:00:00 ,18280.391
H, 2017/08/05 03:00:00 ,18222.526
H, 2017/08/05 04:00:00 ,18257.739
H, 2017/08/05 05:00:00 ,18557.115
H, 2017/08/05 06:00:00 ,18265.641
H, 2017/08/05 07:00:00 ,17037.327
H, 2017/08/05 08:00:00 ,15476.147
H, 2017/08/05 09:00:00 ,15472.788
H, 2017/08/05 10:00:00 ,15347.178
H, 2017/08/05 11:00:00 ,17419.819
H, 2017/08/05 12:00:00 ,16289.726
H, 2017/08/05 13:00:00 ,16409.242
H, 2017/08/05 14:00:00 ,16781.796
H, 2017/08/05 15:00:00 ,16550.675
H, 2017/08/05 16:00:00 ,17793.92
H, 2017/08/05 17:00:00 ,19056.323
H, 2017/08/05 18:00:00 ,19696.386
H, 2017/08/05 19:00:00 ,19163.727
H, 2017/08/05 20:00:00 ,19135.22
H, 2017/08/05 21:00:00 ,19150.186
H, 2017/08/05 22:00:00 ,19061.269
H, 2017/08/05 23:00:00 ,19832.752
H, 2017/08/06 00:00:00 ,19604.931
H, 2017/08/06 01:00:00 ,20121.746
H, 2017/08/06 02:00:00 ,19978.806
H, 2017/08/06 03:00:00 ,19961.142
H, 2017/08/06 04:00:00 ,19461.909
H, 2017/08/06 05:00:00 ,19780.733
H, 2017/08/06 06:00:00 ,19390.623
H, 2017/08/06 07:00:00 ,18239.536
H, 2017/08/06 08:00:00 ,16903.183
H, 2017/08/06 09:00:00 ,17554.417
H, 2017/08/06 10:00:00 ,16915.157
H, 2017/08/06 11:00:00 ,16126.975
H, 2017/08/06 12:00:00 ,16423.498
H, 2017/08/06 13:00:00 ,16705.257
H, 2017/08/06 14:00:00 ,15576.782
H, 2017/08/06 15:00:00 ,16539.584
H, 2017/08/06 16:00:00 ,18155.257
H, 2017/08/06 17:00:00 ,19589.747
H, 2017/08/06 18:00:00 ,19329.069
H, 2017/08/06 19:00:00 ,18811.956
H, 2017/08/06 20:00:00 ,18636.599
H, 2017/08/06 21:00:00 ,18745.377
H, 2017/08/06 22:00:00 ,18487.927
H, 2017/08/06 23:00:00 ,18429.942
H, 2017/08/07 00:00:00 ,17759.644
H, 2017/08/07 01:00:00 ,17440.894
H, 2017/08/07 02:00:00 ,17851.193
H, 2017/08/07 03:00:00 ,17295.407
H, 2017/08/07 04:00:00 ,16823.637
H, 2017/08/07 05:00:00 ,16424.876
H, 2017/08/07 06:00:00 ,15796.573
H, 2017/08/07 07:00:00 ,15434.81
H, 2017/08/07 08:00:00 ,13492.235
H, 2017/08/07 09:00:00 ,12640.3
H, 2017/08/07 10:00:00 ,13578.077
H, 2017/08/07 11:00:00 ,12394.907
H, 2017/08/07 12:00:00 ,13266.065
H, 2017/08/07 13:00:00 ,13570.794
H, 2017/08/07 14:00:00 ,12855.948
H, 2017/08/07 15:00:00 ,12928.534
H, 2017/08/07 16:00:00 ,14124.256
H, 2017/08/07 17:00:00 ,15581.557
H, 2017/08/07 18:00:00 ,16513.129
H, 2017/08/07 19:00:00 ,15500.199
H, 2017/08/07 20:00:00 ,15402.118
H, 2017/08/07 21:00:00 ,15103.956
H, 2017/08/07 22:00:00 ,14740.86
H, 2017/08/07 23:00:00 ,13830.983
H, 2017/08/08 00:00:00 ,13717.854
H, 2017/08/08 01:00:00 ,13352.657
H, 2017/08/08 02:00:00 ,13788.971
H, 2017/08/08 03:00:00 ,13673.869
H, 2017/08/08 04:00:00 ,13682.588
H, 2017/08/08 05:00:00 ,13650.081
H, 2017/08/08 06:00:00 ,13683.694
H, 2017/08/08 07:00:00 ,12445.845
H, 2017/08/08 08:00:00 ,11597.482
H, 2017/08/08 09:00:00 ,10646.845
H, 2017/08/08 10:00:00 ,10659.626
H, 2017/08/08 11:00:00 ,11316.305
H, 2017/08/08 12:00:00 ,11782.836
H, 2017/08/08 13:00:00 ,11808.888
H, 2017/08/08 14:00:00 ,11878.99
H, 2017/08/08 15:00:00 ,12744.519
H, 2017/08/08 16:00:00 ,12952.24
H, 2017/08/08 17:00:00 ,13046.168
H, 2017/08/08 18:00:00 ,13482.325
H, 2017/08/08 19:00:00 ,13819.54
H, 2017/08/08 20:00:00 ,13709.145
H, 2017/08/08 21:00:00 ,13706.842
H, 2017/08/08 22:00:00 ,13709.764
H, 2017/08/08 23:00:00 ,13818.746
H, 2017/08/09 00:00:00 ,13386.867
H, 2017/08/09 01:00:00 ,13589.351
H, 2017/08/09 02:00:00 ,13410.978
H, 2017/08/09 03:00:00 ,13816.627
H, 2017/08/09 04:00:00 ,13439.403
H, 2017/08/09 05:00:00 ,13564.619
H, 2017/08/09 06:00:00 ,13123.643
H, 2017/08/09 07:00:00 ,12937.842
H, 2017/08/09 08:00:00 ,12338.117
H, 2017/08/09 09:00:00 ,12100.963
H, 2017/08/09 10:00:00 ,12775.202
H, 2017/08/09 11:00:00 ,12742.949
H, 2017/08/09 12:00:00 ,11804.947
H, 2017/08/09 13:00:00 ,11518.337
H, 2017/08/09 14:00:00 ,11808.19
H, 2017/08/09 15:00:00 ,12664.381
H, 2017/08/09 16:00:00 ,13300.76
H, 2017/08/09 17:00:00 ,13652.686
H, 2017/08/09 18:00:00 ,13728.108
H, 2017/08/09 19:00:00 ,14193.301
H, 2017/08/09 20:00:00 ,14428.718
H, 2017/08/09 21:00:00 ,15026.468
H, 2017/08/09 22:00:00 ,15040.028
H, 2017/08/09 23:00:00 ,14860.708
H, 2017/08/10 00:00:00 ,14435.438
H, 2017/08/10 01:00:00 ,14780.647
H, 2017/08/10 02:00:00 ,14928.104
H, 2017/08/10 03:00:00 ,14842.793
H, 2017/08/10 04:00:00 ,14057.294
H, 2017/08/10 05:00:00 ,14011.425
H, 2017/08/10 06:00:00 ,13817.1
H, 2017/08/10 07:00:00 ,13815.113
H, 2017/08/10 08:00:00 ,14168.849
H, 2017/08/10 09:00:00 ,13289.48
H, 2017/08/10 10:00:00 ,14416.911
H, 2017/08/10 11:00:00 ,14924.955
H, 2017/08/10 12:00:00 ,15022.001
H, 2017/08/10 13:00:00 ,15319.168
H, 2017/08/10 14:00:00 ,14882.34
H, 2017/08/10 15:00:00 ,15270.584
H, 2017/08/10 16:00:00 ,16166.519
H, 2017/08/10 17:00:00 ,17673.908
H, 2017/08/10 18:00:00 ,17910.908
H, 2017/08/10 19:00:00 ,18441.238
H, 2017/08/10 20:00:00 ,18759.316
H, 2017/08/10 21:00:00 ,18684.346
H, 2017/08/10 22:00:00 ,18324.163
H, 2017/08/10 23:00:00 ,18566.527
H, 2017/08/11 00:00:00 ,17540.453
H, 2017/08/11 01:00:00 ,17591.889
H, 2017/08/11 02:00:00 ,17729.327
H, 2017/08/11 03:00:00 ,17984.821
H, 2017/08/11 04:00:00 ,18099.337
H, 2017/08/11 05:00:00 ,18271.71
H, 2017/08/11 06:00:00 ,18192.873
H, 2017/08/11 07:00:00 ,17431.442
H, 2017/08/11 08:00:00 ,17621.702
H, 2017/08/11 09:00:00 ,16331.155
H, 2017/08/11 10:00:00 ,16109.227
H, 2017/08/11 11:00:00 ,15423.655
H, 2017/08/11 12:00:00 ,15070.644
H, 2017/08/11 13:00:00 ,15008.233
H, 2017/08/11 14:00:00 ,15558.803
H, 2017/08/11 15:00:00 ,16365.19
H, 2017/08/11 16:00:00 ,17100.276
H, 2017/08/11 17:00:00 ,15799.605
H, 2017/08/11 18:00:00 ,16109.557
H, 2017/08/11 19:00:00 ,15587.245
H, 2017/08/11 20:00:00 ,15420.756
H, 2017/08/11 21:00:00 ,16311.046
H, 2017/08/11 22:00:00 ,16112.324
H, 2017/08/11 23:00:00 ,15983.958
H, 2017/08/12 00:00:00 ,15632.035
H, 2017/08/12 01:00:00 ,16424.437
H, 2017/08/12 02:00:00 ,16140.976
H, 2017/08/12 03:00:00 ,16237.697
H, 2017/08/12 04:00:00 ,16189.239
H, 2017/08/12 05:00:00 ,16591.89
H, 2017/08/12 06:00:00 ,16342.204
H, 2017/08/12 07:00:00 ,15665.999
H, 2017/08/12 08:00:00 ,14915.77
H, 2017/08/12 09:00:00 ,13692.097
H, 2017/08/12 10:00:00 ,13397.81
H, 2017/08/12 11:00:00 ,14699.379
H, 2017/08/12 12:00:00 ,14663.432
H, 2017/08/12 13:00:00 ,16905.68
H, 2017/08/12 14:00:00 ,16274.085
H, 2017/08/12 15:00:00 ,16308.136
H, 2017/08/12 16:00:00 ,17234.164
H, 2017/08/12 17:00:00 ,18118.823
H, 2017/08/12 18:00:00 ,18846.751
H, 2017/08/12 19:00:00 ,19058.575
H, 2017/08/12 20:00:00 ,18548.775
H, 2017/08/12 21:00:00 ,18882.347
H, 2017/08/12 22:00:00 ,19168.13
H, 2017/08/12 23:00:00 ,18698.198
H, 2017/08/13 00:00:00 ,18500.593
H, 2017/08/13 01:00:00 ,19198.455
H, 2017/08/13 02:00:00 ,18721.494
H, 2017/08/13 03:00:00 ,18665.228
H, 2017/08/13 04:00:00 ,17764.924
H, 2017/08/13 05:00:00 ,17636.448
H, 2017/08/13 06:00:00 ,17457.615
H, 2017/08/13 07:00:00 ,14874.504
H, 2017/08/13 08:00:00 ,14198.658
H, 2017/08/13 09:00:00 ,13923.785
H, 2017/08/13 10:00:00 ,14075.365
H, 2017/08/13 11:00:00 ,12684.484
H, 2017/08/13 12:00:00 ,12712.037
H, 2017/08/13 13:00:00 ,13669.313
H, 2017/08/13 14:00:00 ,13449.32
H, 2017/08/13 15:00:00 ,14642.477
H, 2017/08/13 16:00:00 ,15589.796
H, 2017/08/13 17:00:00 ,16916.445
H, 2017/08/13 18:00:00 ,18061.588
H, 2017/08/13 19:00:00 ,17193.016
H, 2017/08/13 20:00:00 ,16482.743
H, 2017/08/13 21:00:00 ,17257.096
H, 2017/08/13 22:00:00 ,18295.027
H, 2017/08/13 23:00:00 ,19583.247
H, 2017/08/14 00:00:00 ,19882.878
H, 2017/08/14 01:00:00 ,20702.564
H, 2017/08/14 02:00:00 ,20801.712
H, 2017/08/14 03:00:00 ,20416.704
H, 2017/08/14 04:00:00 ,20023.372
H, 2017/08/14 05:00:00 ,19291.707
H, 2017/08/14 06:00:00 ,20186.83
H, 2017/08/14 07:00:00 ,19810.175
H, 2017/08/14 08:00:00 ,16240.926
H, 2017/08/14 09:00:00 ,12625.193
H, 2017/08/14 10:00:00 ,14183.026
H, 2017/08/14 11:00:00 ,15143.667
H, 2017/08/14 12:00:00 ,15651.744
H, 2017/08/14 13:00:00 ,14248.001
H, 2017/08/14 14:00:00 ,15264.657
H, 2017/08/14 15:00:00 ,14827.437
H, 2017/08/14 16:00:00 ,15829.494
H, 2017/08/14 17:00:00 ,16463.469
H, 2017/08/14 18:00:00 ,16536.465
H, 2017/08/14 19:00:00 ,16986.673
H, 2017/08/14 20:00:00 ,17466.822
H, 2017/08/14 21:00:00 ,17147.112
H, 2017/08/14 22:00:00 ,17773.639
H, 2017/08/14 23:00:00 ,18492.83
H, 2017/08/15 00:00:00 ,18804.592
H, 2017/08/15 01:00:00 ,19444.257
H, 2017/08/15 02:00:00 ,19090.049
H, 2017/08/15 03:00:00 ,17433.73
H, 2017/08/15 04:00:00 ,17971.769
H, 2017/08/15 05:00:00 ,18697.623
H, 2017/08/15 06:00:00 ,18995.506
H, 2017/08/15 07:00:00 ,19323.562
H, 2017/08/15 08:00:00 ,18350.412
H, 2017/08/15 09:00:00 ,17303.334
H, 2017/08/15 10:00:00 ,17479.736
H, 2017/08/15 11:00:00 ,16463.244
H, 2017/08/15 12:00:00 ,17084.936
H, 2017/08/15 13:00:00 ,15805.756
H, 2017/08/15 14:00:00 ,15202.149
H, 2017/08/15 15:00:00 ,16155.148
H, 2017/08/15 16:00:00 ,16748.131
H, 2017/08/15 17:00:00 ,17303.557
H, 2017/08/15 18:00:00 ,19217.658
H, 2017/08/15 19:00:00 ,19799.776
H, 2017/08/15 20:00:00 ,19966.262
H, 2017/08/15 21:00:00 ,20173.698
H, 2017/08/15 22:00:00 ,19515.304
H, 2017/08/15 23:00:00 ,19044.594
H, 2017/08/16 00:00:00 ,18418.258
H, 2017/08/16 01:00:00 ,18726.977
H, 2017/08/16 02:00:00 ,19080.072
H, 2017/08/16 03:00:00 ,19230.178
H, 2017/08/16 04:00:00 ,19161.214
H, 2017/08/16 05:00:00 ,19059.385
H, 2017/08/16 06:00:00 ,19042.426
H, 2017/08/16 07:00:00 ,18947.419
H, 2017/08/16 08:00:00 ,17698.776
H, 2017/08/16 09:00:00 ,15535.822
H, 2017/08/16 10:00:00 ,15007.193
H, 2017/08/16 11:00:00 ,16215.793
H, 2017/08/16 12:00:00 ,14477.845
H, 2017/08/16 13:00:00 ,15664.94
H, 2017/08/16 14:00:00 ,16005.356
H, 2017/08/16 15:00:00 ,16755.956
H, 2017/08/16 16:00:00 ,16686.7
H, 2017/08/16 17:00:00 ,17123.221
H, 2017/08/16 18:00:00 ,16726.649
H, 2017/08/16 19:00:00 ,17183.301
H, 2017/08/16 20:00:00 ,18231.75
H, 2017/08/16 21:00:00 ,19041.672
H, 2017/08/16 22:00:00 ,19930.099
H, 2017/08/16 23:00:00 ,20127.319
H, 2017/08/17 00:00:00 ,19647.252
H, 2017/08/17 01:00:00 ,19831.332
H, 2017/08/17 02:00:00 ,19345.606
H, 2017/08/17 03:00:00 ,19620.877
H, 2017/08/17 04:00:00 ,18965.812
H, 2017/08/17 05:00:00 ,18806.119
H, 2017/08/17 06:00:00 ,18025.095
H, 2017/08/17 07:00:00 ,17084.64
H, 2017/08/17 08:00:00 ,17762.032
H, 2017/08/17 09:00:00 ,16214.576
H, 2017/08/17 10:00:00 ,16972.331
H, 2017/08/17 11:00:00 ,17205.282
H, 2017/08/17 12:00:00 ,16759.078
H, 2017/08/17 13:00:00 ,16840.027
H, 2017/08/17 14:00:00 ,17671.373
H, 2017/08/17 15:00:00 ,18452.012
H, 2017/08/17 16:00:00 ,18510.543
H, 2017/08/17 17:00:00 ,18032.011
H, 2017/08/17 18:00:00 ,19509.658
H, 2017/08/17 19:00:00 ,20142.342
H, 2017/08/17 20:00:00 ,19850.827
H, 2017/08/17 21:00:00 ,20095.42
H, 2017/08/17 22:00:00 ,19875.585
H, 2017/08/17 23:00:00 ,19699.147
H, 2017/08/18 00:00:00 ,19016.284
H, 2017/08/18 01:00:00 ,19757.511
H, 2017/08/18 02:00:00 ,19893.391
H, 2017/08/18 03:00:00 ,19576.019
H, 2017/08/18 04:00:00 ,18925.561
H, 2017/08/18 05:00:00 ,19281.813
H, 2017/08/18 06:00:00 ,19173.477
H, 2017/08/18 07:00:00 ,17541.05
H, 2017/08/18 08:00:00 ,16302.967
H, 2017/08/18 09:00:00 ,14694.536
H, 2017/08/18 10:00:00 ,14142.143
H, 2017/08/18 11:00:00 ,13932.091
H, 2017/08/18 12:00:00 ,13970.809
H, 2017/08/18 13:00:00 ,15071.764
H, 2017/08/18 14:00:00 ,15725.612
H, 2017/08/18 15:00:00 ,16578.583
H, 2017/08/18 16:00:00 ,17498.362
H, 2017/08/18 17:00:00 ,18866.874
H, 2017/08/18 18:00:00 ,19423.573
H, 2017/08/18 19:00:00 ,19305.771
H, 2017/08/18 20:00:00 ,19229.092
H, 2017/08/18 21:00:00 ,18952.079
H, 2017/08/18 22:00:00 ,19413.035
H, 2017/08/18 23:00:00 ,19597.372
H, 2017/08/19 00:00:00 ,18174.661
H, 2017/08/19 01:00:00 ,18871.633
H, 2017/08/19 02:00:00 ,18041.719
H, 2017/08/19 03:00:00 ,18463.087
H, 2017/08/19 04:00:00 ,18397.545
H, 2017/08/19 05:00:00 ,18966.127
H, 2017/08/19 06:00:00 ,19070.465
H, 2017/08/19 07:00:00 ,18754.751
H, 2017/08/19 08:00:00 ,18265.482
H, 2017/08/19 09:00:00 ,16461.873
H, 2017/08/19 10:00:00 ,16781.205
H, 2017/08/19 11:00:00 ,16837.512
H, 2017/08/19 12:00:00 ,15086.943
H, 2017/08/19 13:00:00 ,14396.179
H, 2017/08/19 14:00:00 ,14954.869
H, 2017/08/19 15:00:00 ,16470.471
H, 2017/08/19 16:00:00 ,17592.877
H, 2017/08/19 17:00:00 ,17437.736
H, 2017/08/19 18:00:00 ,18397.995
H, 2017/08/19 19:00:00 ,19071.581
H, 2017/08/19 20:00:00 ,18966.591
H, 2017/08/19 21:00:00 ,18094.511
H, 2017/08/19 22:00:00 ,18063.368
H, 2017/08/19 23:00:00 ,18397.509
H, 2017/08/20 00:00:00 ,18588.055
H, 2017/08/20 01:00:00 ,18027.653
H, 2017/08/20 02:00:00 ,17237.935
H, 2017/08/20 03:00:00 ,17468.148
H, 2017/08/20 04:00:00 ,17206.29
H, 2017/08/20 05:00:00 ,17988.597
H, 2017/08/20 06:00:00 ,17987.974
H, 2017/08/20 07:00:00 ,18069.151
H, 2017/08/20 08:00:00 ,17330.006
H, 2017/08/20 09:00:00 ,16031.758
H, 2017/08/20 10:00:00 ,15497.257
H, 2017/08/20 11:00:00 ,15884.704
H, 2017/08/20 12:00:00 ,15730.954
H, 2017/08/20 13:00:00 ,15408.32
H, 2017/08/20 14:00:00 ,15545.835
H, 2017/08/20 15:00:00 ,15550.47
H, 2017/08/20 16:00:00 ,17017.382
H, 2017/08/20 17:00:00 ,18075.314
H, 2017/08/20 18:00:00 ,19306.346
H, 2017/08/20 19:00:00 ,19261.362
H, 2017/08/20 20:00:00 ,19247.313
H, 2017/08/20 21:00:00 ,19914.951
H, 2017/08/20 22:00:00 ,20141.756
H, 2017/08/20 23:00:00 ,20019.885
